-- --------------------------------------------------------
-- Сервер:                       lifetime.hutei.net
-- Версія сервера:               5.7.29 - MySQL Community Server (GPL)
-- ОС сервера:                   Linux
-- HeidiSQL Версія:              11.0.0.5919
-- --------------------------------------------------------

/*!40101 SET @OLD_CHARACTER_SET_CLIENT=@@CHARACTER_SET_CLIENT */;
/*!40101 SET NAMES utf8 */;
/*!50503 SET NAMES utf8mb4 */;
/*!40014 SET @OLD_FOREIGN_KEY_CHECKS=@@FOREIGN_KEY_CHECKS, FOREIGN_KEY_CHECKS=0 */;
/*!40101 SET @OLD_SQL_MODE=@@SQL_MODE, SQL_MODE='NO_AUTO_VALUE_ON_ZERO' */;

-- Dumping data for table lifetime.countries: ~187 rows (приблизно)
/*!40000 ALTER TABLE `countries` DISABLE KEYS */;
INSERT INTO `countries` (`id`, `type`, `alias`) VALUES
	(1, 'country', 'afghanistan'),
	(2, 'country', 'algeria'),
	(3, 'country', 'angola'),
	(4, 'country', 'antigua-and-barbuda'),
	(5, 'country', 'argentina'),
	(6, 'country', 'armenia'),
	(7, 'country', 'ascension-island'),
	(8, 'country', 'australia'),
	(9, 'country', 'austria'),
	(10, 'country', 'azerbaijan'),
	(11, 'country', 'bahamas'),
	(12, 'country', 'bahrain'),
	(13, 'country', 'bangladesh'),
	(14, 'country', 'barbados'),
	(15, 'country', 'belarus'),
	(16, 'country', 'belgium'),
	(17, 'country', 'belize'),
	(18, 'country', 'benin'),
	(19, 'country', 'bhutan'),
	(20, 'country', 'bolivia'),
	(21, 'country', 'bosnia-and-herzegovina'),
	(22, 'country', 'botswana'),
	(23, 'country', 'brazil'),
	(24, 'country', 'brunei'),
	(25, 'country', 'bulgaria'),
	(26, 'country', 'burkina-faso'),
	(27, 'country', 'burundi'),
	(28, 'country', 'cabo-verde'),
	(29, 'country', 'cambodia'),
	(30, 'country', 'cameroon'),
	(31, 'country', 'canada'),
	(32, 'country', 'central-african-republic'),
	(33, 'country', 'chad'),
	(34, 'country', 'chile'),
	(35, 'country', 'colombia'),
	(36, 'country', 'comoros'),
	(37, 'country', 'congo-democratic-republic-of-the'),
	(38, 'country', 'congo-republic-of'),
	(39, 'country', 'costa-rica'),
	(40, 'country', 'croatia'),
	(41, 'country', 'cuba'),
	(42, 'country', 'cyprus'),
	(43, 'country', 'czech-republic'),
	(44, 'country', 'cote-d\'ivoire'),
	(45, 'country', 'denmark'),
	(46, 'country', 'djibouti'),
	(47, 'country', 'dominican-republic'),
	(48, 'country', 'ecuador'),
	(49, 'country', 'egypt'),
	(50, 'country', 'el-salvador'),
	(51, 'country', 'equatorial-guinea'),
	(52, 'country', 'eritrea'),
	(53, 'country', 'eswatini'),
	(54, 'country', 'ethiopia'),
	(55, 'country', 'federated-states-of-micronesia'),
	(56, 'country', 'fiji'),
	(57, 'country', 'finland'),
	(58, 'country', 'france'),
	(59, 'country', 'gabon'),
	(60, 'country', 'gambia'),
	(61, 'country', 'georgia'),
	(62, 'country', 'germany'),
	(63, 'country', 'ghana'),
	(64, 'country', 'greece'),
	(65, 'country', 'grenada'),
	(66, 'country', 'guatemala'),
	(67, 'country', 'guinea'),
	(68, 'country', 'guinea-bissau'),
	(69, 'country', 'guyana'),
	(70, 'country', 'haiti'),
	(71, 'country', 'honduras'),
	(72, 'country', 'hungary'),
	(73, 'country', 'iceland'),
	(74, 'country', 'india'),
	(75, 'country', 'indonesia'),
	(76, 'country', 'iran'),
	(77, 'country', 'iraq'),
	(78, 'country', 'ireland'),
	(79, 'country', 'israel'),
	(80, 'country', 'italy'),
	(81, 'country', 'jamaica'),
	(82, 'country', 'japan'),
	(83, 'country', 'jordan'),
	(84, 'country', 'kazakhstan'),
	(85, 'country', 'kenya'),
	(86, 'country', 'kiribati'),
	(87, 'country', 'kuwait'),
	(88, 'country', 'kyrgyzstan'),
	(89, 'country', 'laos'),
	(90, 'country', 'latvia'),
	(91, 'country', 'lebanon'),
	(92, 'country', 'lesotho'),
	(93, 'country', 'liberia'),
	(94, 'country', 'libya'),
	(95, 'country', 'lithuania'),
	(96, 'country', 'luxembourg'),
	(97, 'country', 'macau'),
	(98, 'country', 'madagascar'),
	(99, 'country', 'malawi'),
	(100, 'country', 'malaysia'),
	(101, 'country', 'mali'),
	(102, 'country', 'malta'),
	(103, 'country', 'mauritania'),
	(104, 'country', 'mauritius'),
	(105, 'country', 'mexico'),
	(106, 'country', 'moldova'),
	(107, 'country', 'mongolia'),
	(108, 'country', 'montenegro'),
	(109, 'country', 'morocco'),
	(110, 'country', 'mozambique'),
	(111, 'country', 'myanmar'),
	(112, 'country', 'namibia'),
	(113, 'country', 'nepal'),
	(114, 'country', 'netherlands'),
	(115, 'country', 'new-zealand'),
	(116, 'country', 'nicaragua'),
	(117, 'country', 'niger'),
	(118, 'country', 'nigeria'),
	(119, 'country', 'north-macedonia'),
	(120, 'country', 'norway'),
	(121, 'country', 'oman'),
	(122, 'country', 'pakistan'),
	(123, 'country', 'palestine'),
	(124, 'country', 'panama'),
	(125, 'country', 'papua-new-guinea'),
	(126, 'country', 'paraguay'),
	(127, 'country', 'people\'s-republic-of-china'),
	(128, 'country', 'peru'),
	(129, 'country', 'philippines'),
	(130, 'country', 'poland'),
	(131, 'country', 'portugal'),
	(132, 'country', 'romania'),
	(133, 'country', 'russia'),
	(134, 'country', 'rwanda'),
	(135, 'country', 'saint-lucia'),
	(136, 'country', 'saint-vincent-and-the-grenadines'),
	(137, 'country', 'samoa'),
	(138, 'country', 'sao-tome-and-principe'),
	(139, 'country', 'saudi-arabia'),
	(140, 'country', 'senegal'),
	(141, 'country', 'serbia'),
	(142, 'country', 'seychelles'),
	(143, 'country', 'sierra-leone'),
	(144, 'country', 'singapore'),
	(145, 'country', 'slovakia'),
	(146, 'country', 'slovenia'),
	(147, 'country', 'solomon-islands'),
	(148, 'country', 'south-africa'),
	(149, 'country', 'south-korea'),
	(150, 'country', 'south-sudan'),
	(151, 'country', 'spain'),
	(152, 'country', 'sri-lanka'),
	(153, 'country', 'sudan'),
	(154, 'country', 'suriname'),
	(155, 'country', 'sweden'),
	(156, 'country', 'switzerland'),
	(157, 'country', 'syria'),
	(158, 'country', 'tajikistan'),
	(159, 'country', 'tanzania'),
	(160, 'country', 'thailand'),
	(161, 'country', 'timor-leste'),
	(162, 'country', 'togo'),
	(163, 'country', 'tonga'),
	(164, 'country', 'trinidad-and-tobago'),
	(165, 'country', 'tunisia'),
	(166, 'country', 'turkey'),
	(167, 'country', 'turkmenistan'),
	(168, 'country', 'uganda'),
	(169, 'country', 'ukraine'),
	(170, 'country', 'united-arab-emirates'),
	(171, 'country', 'united-kingdom'),
	(172, 'country', 'united-states'),
	(173, 'country', 'uruguay'),
	(174, 'country', 'uzbekistan'),
	(175, 'country', 'vanuatu'),
	(176, 'country', 'venezuela'),
	(177, 'country', 'vietnam'),
	(178, 'country', 'yemen'),
	(179, 'country', 'zambia'),
	(180, 'country', 'zimbabwe'),
	(181, 'world', 'world'),
	(182, 'region', 'arab-states'),
	(183, 'region', 'latin-america-and-the-caribbean'),
	(184, 'region', 'east-asia-southeast-asia-and-oceania'),
	(185, 'region', 'europe-and-central-asia'),
	(186, 'region', 'south-asia'),
	(187, 'region', 'sub-saharan-africa'),
	(188, 'country', 'england');
/*!40000 ALTER TABLE `countries` ENABLE KEYS */;

-- Dumping data for table lifetime.countries_text: ~561 rows (приблизно)
/*!40000 ALTER TABLE `countries_text` DISABLE KEYS */;
INSERT INTO `countries_text` (`country_id`, `lang`, `name`, `locative`) VALUES
	(1, 'eng', 'Afghanistan', 'in Afghanistan'),
	(1, 'rus', 'Афганистан', 'в Афганистане'),
	(1, 'ukr', 'Афганістан', 'в Афганістані'),
	(2, 'eng', 'Algeria', 'in Algeria'),
	(2, 'rus', 'Алжир', 'в Алжире'),
	(2, 'ukr', 'Алжир', 'в Алжирі'),
	(3, 'eng', 'Angola', 'in Angola'),
	(3, 'rus', 'Ангола', 'в Анголе'),
	(3, 'ukr', 'Ангола', 'в Анголі'),
	(4, 'eng', 'Antigua and Barbuda', 'in Antigua and Barbuda'),
	(4, 'rus', 'Антигуа и Барбуда', 'в Антигуа и Барбуде'),
	(4, 'ukr', 'Антигуа та Барбуда', 'в Антигуа та Барбуді'),
	(5, 'eng', 'Argentina', 'in Argentina'),
	(5, 'rus', 'Аргентина', 'в Аргентине'),
	(5, 'ukr', 'Аргентина', 'в Аргентині'),
	(6, 'eng', 'Armenia', 'in Armenia'),
	(6, 'rus', 'Армения', 'в Армении'),
	(6, 'ukr', 'Вірменія', 'в Вірменії'),
	(7, 'eng', 'Ascension Island', 'in Ascension Island'),
	(7, 'rus', 'остров Вознесения', 'на острове Вознесения'),
	(7, 'ukr', 'Острів Вознесіння', 'на Остріві Вознесіння'),
	(8, 'eng', 'Australia', 'in Australia'),
	(8, 'rus', 'Австралия', 'в Австралии'),
	(8, 'ukr', 'Австралія', 'в Австралії'),
	(9, 'eng', 'Austria', 'in Austria'),
	(9, 'rus', 'Австрия', 'в Австрии'),
	(9, 'ukr', 'Австрія', 'в Австрії'),
	(10, 'eng', 'Azerbaijan', 'in Azerbaijan'),
	(10, 'rus', 'Азербайджан', 'в Азербайджане'),
	(10, 'ukr', 'Азербайджан', 'в Азербайджані'),
	(11, 'eng', 'Bahamas', 'in Bahamas'),
	(11, 'rus', 'Багамские острова', 'на Багамских островах'),
	(11, 'ukr', 'Багами', 'на Багамах'),
	(12, 'eng', 'Bahrain', 'in Bahrain'),
	(12, 'rus', 'Бахрейн', 'в Бахрейне'),
	(12, 'ukr', 'Бахрейн', 'в Бахрейні'),
	(13, 'eng', 'Bangladesh', 'in Bangladesh'),
	(13, 'rus', 'Бангладеш', 'в Бангладеше'),
	(13, 'ukr', 'Бангладеш', 'в Бангладеші'),
	(14, 'eng', 'Barbados', 'in Barbados'),
	(14, 'rus', 'Барбадос', 'на Барбадосе'),
	(14, 'ukr', 'Барбадос', 'на Барбадосі'),
	(15, 'eng', 'Belarus', 'in Belarus'),
	(15, 'rus', 'Беларусь', 'в Беларуси'),
	(15, 'ukr', 'Білорусь', 'в Білорусі'),
	(16, 'eng', 'Belgium', 'in Belgium'),
	(16, 'rus', 'Бельгия', 'в Бельгии'),
	(16, 'ukr', 'Бельгія', 'в Бельгії'),
	(17, 'eng', 'Belize', 'in Belize'),
	(17, 'rus', 'Белиз', 'в Белизе'),
	(17, 'ukr', 'Беліз', 'в Белізі'),
	(18, 'eng', 'Benin', 'in Benin'),
	(18, 'rus', 'Бенин', 'в Бенине'),
	(18, 'ukr', 'Бенін', 'в Беніні'),
	(19, 'eng', 'Bhutan', 'in Bhutan'),
	(19, 'rus', 'Бутан', 'в Бутане'),
	(19, 'ukr', 'Бутан', 'в Бутані'),
	(20, 'eng', 'Bolivia', 'in Bolivia'),
	(20, 'rus', 'Боливия', 'в Боливии'),
	(20, 'ukr', 'Болівія', 'в Болівії'),
	(21, 'eng', 'Bosnia and Herzegovina', 'in Bosnia and Herzegovina'),
	(21, 'rus', 'Босния и Герцеговина', 'в Боснии и Герцеговине'),
	(21, 'ukr', 'Боснія і Герцеговина', 'в Боснії і Герцеговині'),
	(22, 'eng', 'Botswana', 'in Botswana'),
	(22, 'rus', 'Ботсвана', 'в Ботсване'),
	(22, 'ukr', 'Ботсвана', 'в Ботсвані'),
	(23, 'eng', 'Brazil', 'in Brazil'),
	(23, 'rus', 'Бразилия', 'в Бразилии'),
	(23, 'ukr', 'Бразилія', 'в Бразилії'),
	(24, 'eng', 'Brunei', 'in Brunei'),
	(24, 'rus', 'Бруней', 'в Брунее'),
	(24, 'ukr', 'Бруней', 'в Брунеї'),
	(25, 'eng', 'Bulgaria', 'in Bulgaria'),
	(25, 'rus', 'Болгария', 'в Болгарии'),
	(25, 'ukr', 'Болгарія', 'в Болгарії'),
	(26, 'eng', 'Burkina Faso', 'in Burkina Faso'),
	(26, 'rus', 'Буркина-Фасо', 'в Буркина-Фасо'),
	(26, 'ukr', 'Буркіна-Фасо', 'в Буркіна-Фасо'),
	(27, 'eng', 'Burundi', 'in Burundi'),
	(27, 'rus', 'Бурунди', 'в Бурунди'),
	(27, 'ukr', 'Бурунді', 'в Бурунді'),
	(28, 'eng', 'Cabo Verde', 'in Cabo Verde'),
	(28, 'rus', 'Кабо Верде', 'в Кабо Верде'),
	(28, 'ukr', 'Кабо Верде', 'в Кабо Верде'),
	(29, 'eng', 'Cambodia', 'in Cambodia'),
	(29, 'rus', 'Камбоджа', 'в Камбодже'),
	(29, 'ukr', 'Камбоджа', 'в Камбоджі'),
	(30, 'eng', 'Cameroon', 'in Cameroon'),
	(30, 'rus', 'Камерун', 'в Камеруне'),
	(30, 'ukr', 'Камерун', 'в Камеруні'),
	(31, 'eng', 'Canada', 'in Canada'),
	(31, 'rus', 'Канада', 'в Канаде'),
	(31, 'ukr', 'Канада', 'в Канаді'),
	(32, 'eng', 'Central African Republic', 'in Central African Republic'),
	(32, 'rus', 'Центрально-Африканская Республика', 'в Центрально-Африканская Республике'),
	(32, 'ukr', 'Центральноафриканська республіка', 'в Центральноафриканській республіці'),
	(33, 'eng', 'Chad', 'in Chad'),
	(33, 'rus', 'Чад', 'в Чаде'),
	(33, 'ukr', 'Чад', 'в Чаді'),
	(34, 'eng', 'Chile', 'in Chile'),
	(34, 'rus', 'Чили', 'в Чили'),
	(34, 'ukr', 'Чилі', 'в Чилі'),
	(35, 'eng', 'Colombia', 'in Colombia'),
	(35, 'rus', 'Колумбия', 'в Колумбии'),
	(35, 'ukr', 'Колумбія', 'в Колумбії'),
	(36, 'eng', 'Comoros', 'in Comoros'),
	(36, 'rus', 'Коморские острова', 'на Коморских островах'),
	(36, 'ukr', 'Коморські острови', 'на Коморськихостровах'),
	(37, 'eng', 'Congo, Democratic Republic of the', 'in Congo, Democratic Republic of the'),
	(37, 'rus', 'Конго, Демократическая Республика', 'в Демократической Республике Конго'),
	(37, 'ukr', 'Конго, Демократична Республіка', 'в Демократичній Республіці Конго'),
	(38, 'eng', 'Congo, Republic of', 'in Congo, Republic of'),
	(38, 'rus', 'Конго, Республика', 'в Республике Конго'),
	(38, 'ukr', 'Конго, Республіка', 'в Республіці Конго'),
	(39, 'eng', 'Costa Rica', 'in Costa Rica'),
	(39, 'rus', 'Коста-Рика', 'в Коста-Рике'),
	(39, 'ukr', 'Коста-Ріка', 'в Коста-Ріці'),
	(40, 'eng', 'Croatia', 'in Croatia'),
	(40, 'rus', 'Хорватия', 'в Хорватии'),
	(40, 'ukr', 'Хорватія', 'в Хорватії'),
	(41, 'eng', 'Cuba', 'in Cuba'),
	(41, 'rus', 'Куба', 'на Кубе'),
	(41, 'ukr', 'Куба', 'на Кубі'),
	(42, 'eng', 'Cyprus', 'in Cyprus'),
	(42, 'rus', 'Кипр', 'на Кипре'),
	(42, 'ukr', 'Кіпр', 'на Кіпрі'),
	(43, 'eng', 'Czech Republic', 'in Czech Republic'),
	(43, 'rus', 'Чехия', 'в Чехии'),
	(43, 'ukr', 'Чехія', 'в Чехії'),
	(44, 'eng', 'Côte d\'Ivoire', 'in Côte d\'Ivoire'),
	(44, 'rus', 'Кот-д’Ивуар', 'в Кот-д’Ивуаре'),
	(44, 'ukr', 'Кот-д\'Івуар', 'в Кот-д\'Івуар'),
	(45, 'eng', 'Denmark', 'in Denmark'),
	(45, 'rus', 'Дания', 'в Дании'),
	(45, 'ukr', 'Данія', 'в Данії'),
	(46, 'eng', 'Djibouti', 'in Djibouti'),
	(46, 'rus', 'Джибути', 'в Джибути'),
	(46, 'ukr', 'Джибуті', 'в Джибуті'),
	(47, 'eng', 'Dominican Republic', 'in Dominican Republic'),
	(47, 'rus', 'Доминиканская Республика', 'в Доминиканской Республике'),
	(47, 'ukr', 'Домініканська республіка', 'в Домініканській республіці'),
	(48, 'eng', 'Ecuador', 'in Ecuador'),
	(48, 'rus', 'Эквадор', 'в Эквадоре'),
	(48, 'ukr', 'Еквадор', 'в Еквадорі'),
	(49, 'eng', 'Egypt', 'in Egypt'),
	(49, 'rus', 'Египет', 'в Египете'),
	(49, 'ukr', 'Єгипет', 'в Єгипті'),
	(50, 'eng', 'El Salvador', 'in El Salvador'),
	(50, 'rus', 'Сальвадор', 'в Сальвадоре'),
	(50, 'ukr', 'Сальвадор', 'в Сальвадорі'),
	(51, 'eng', 'Equatorial Guinea', 'in Equatorial Guinea'),
	(51, 'rus', 'Экваториальная Гвинея', 'в Экваториальной Гвинее'),
	(51, 'ukr', 'Екваторіальна Гвінея', 'в Екваторіальній Гвінеї'),
	(52, 'eng', 'Eritrea', 'in Eritrea'),
	(52, 'rus', 'Эритрея', 'в Эритрее'),
	(52, 'ukr', 'Еритрея', 'в Еритреї'),
	(53, 'eng', 'Eswatini', 'in Eswatini'),
	(53, 'rus', 'Эсватини', 'в Эсватини'),
	(53, 'ukr', 'Есватині', 'в Есватині'),
	(54, 'eng', 'Ethiopia', 'in Ethiopia'),
	(54, 'rus', 'Эфиопия', 'в Эфиопии'),
	(54, 'ukr', 'Ефіопія', 'в Ефіопії'),
	(55, 'eng', 'Federated States of Micronesia', 'in Federated States of Micronesia'),
	(55, 'rus', 'Федеративные Штаты Микронезии', 'в Федеративных Штатах Микронезии'),
	(55, 'ukr', 'Федеративні штати Мікронезії', 'в Федеративних штатах Мікронезії'),
	(56, 'eng', 'Fiji', 'in Fiji'),
	(56, 'rus', 'Фиджи', 'на Фиджи'),
	(56, 'ukr', 'Фіджі', 'на Фіджі'),
	(57, 'eng', 'Finland', 'in Finland'),
	(57, 'rus', 'Финляндия', 'в Финляндии'),
	(57, 'ukr', 'Фінляндія', 'в Фінляндії'),
	(58, 'eng', 'France', 'in France'),
	(58, 'rus', 'Франция', 'в Франции'),
	(58, 'ukr', 'Франція', 'в Франції'),
	(59, 'eng', 'Gabon', 'in Gabon'),
	(59, 'rus', 'Габон', 'в Габоне'),
	(59, 'ukr', 'Габон', 'в Габоні'),
	(60, 'eng', 'Gambia', 'in Gambia'),
	(60, 'rus', 'Гамбия', 'в Гамбии'),
	(60, 'ukr', 'Гамбія', 'в Гамбії'),
	(61, 'eng', 'Georgia', 'in Georgia'),
	(61, 'rus', 'Грузия', 'в Грузии'),
	(61, 'ukr', 'Грузія', 'в Грузії'),
	(62, 'eng', 'Germany', 'in Germany'),
	(62, 'rus', 'Германия', 'в Германии'),
	(62, 'ukr', 'Німеччина', 'в Німеччині'),
	(63, 'eng', 'Ghana', 'in Ghana'),
	(63, 'rus', 'Гана', 'в Гане'),
	(63, 'ukr', 'Гана', 'в Гані'),
	(64, 'eng', 'Greece', 'in Greece'),
	(64, 'rus', 'Греция', 'в Греции'),
	(64, 'ukr', 'Греція', 'в Греції'),
	(65, 'eng', 'Grenada', 'in Grenada'),
	(65, 'rus', 'Гренада', 'в Гренаде'),
	(65, 'ukr', 'Гренада', 'в Гренаді'),
	(66, 'eng', 'Guatemala', 'in Guatemala'),
	(66, 'rus', 'Гватемала', 'в Гватемале'),
	(66, 'ukr', 'Гватемала', 'в Гватемалі'),
	(67, 'eng', 'Guinea', 'in Guinea'),
	(67, 'rus', 'Гвинея', 'в Гвинее'),
	(67, 'ukr', 'Гвінея', 'в Гвінеї'),
	(68, 'eng', 'Guinea-Bissau', 'in Guinea-Bissau'),
	(68, 'rus', 'Гвинея-Бисау', 'в Гвинее-Бисау'),
	(68, 'ukr', 'Гвінея-Бісау', 'в Гвінеї-Бісау'),
	(69, 'eng', 'Guyana', 'in Guyana'),
	(69, 'rus', 'Гайана', 'в Гайане'),
	(69, 'ukr', 'Гайана', 'в Гайані'),
	(70, 'eng', 'Haiti', 'in Haiti'),
	(70, 'rus', 'Гаити', 'на Гаити'),
	(70, 'ukr', 'Гаїті', 'на Гаїті'),
	(71, 'eng', 'Honduras', 'in Honduras'),
	(71, 'rus', 'Гондурас', 'в Гондурасе'),
	(71, 'ukr', 'Гондурас', 'в Гондурасі'),
	(72, 'eng', 'Hungary', 'in Hungary'),
	(72, 'rus', 'Венгрия', 'в Венгрии'),
	(72, 'ukr', 'Угорщина', 'в Угорщині'),
	(73, 'eng', 'Iceland', 'in Iceland'),
	(73, 'rus', 'Исландия', 'в Исландии'),
	(73, 'ukr', 'Ісландія', 'в Ісландії'),
	(74, 'eng', 'India', 'in India'),
	(74, 'rus', 'Индия', 'в Индии'),
	(74, 'ukr', 'Індія', 'в Індії'),
	(75, 'eng', 'Indonesia', 'in Indonesia'),
	(75, 'rus', 'Индонезия', 'в Индонезии'),
	(75, 'ukr', 'Індонезія', 'в Індонезії'),
	(76, 'eng', 'Iran', 'in Iran'),
	(76, 'rus', 'Иран', 'в Иране'),
	(76, 'ukr', 'Іран', 'в Ірані'),
	(77, 'eng', 'Iraq', 'in Iraq'),
	(77, 'rus', 'Ирак', 'в Ираке'),
	(77, 'ukr', 'Ірак', 'в Іраку'),
	(78, 'eng', 'Ireland', 'in Ireland'),
	(78, 'rus', 'Ирландия', 'в Ирландии'),
	(78, 'ukr', 'Ірландія', 'в Ірландії'),
	(79, 'eng', 'Israel', 'in Israel'),
	(79, 'rus', 'Израиль', 'в Израиле'),
	(79, 'ukr', 'Ізраїль', 'в Ізраїлі'),
	(80, 'eng', 'Italy', 'in Italy'),
	(80, 'rus', 'Италия', 'в Италии'),
	(80, 'ukr', 'Італія', 'в Італії'),
	(81, 'eng', 'Jamaica', 'in Jamaica'),
	(81, 'rus', 'Ямайка', 'на Ямайке'),
	(81, 'ukr', 'Ямайка', 'на Ямайці'),
	(82, 'eng', 'Japan', 'in Japan'),
	(82, 'rus', 'Япония', 'в Японие'),
	(82, 'ukr', 'Японія', 'в Японії'),
	(83, 'eng', 'Jordan', 'in Jordan'),
	(83, 'rus', 'Иордания', 'в Иордании'),
	(83, 'ukr', 'Йорданія', 'в Йорданії'),
	(84, 'eng', 'Kazakhstan', 'in Kazakhstan'),
	(84, 'rus', 'Казахстан', 'в Казахстане'),
	(84, 'ukr', 'Казахстан', 'в Казахстані'),
	(85, 'eng', 'Kenya', 'in Kenya'),
	(85, 'rus', 'Кения', 'в Кение'),
	(85, 'ukr', 'Кенія', 'в Кенії'),
	(86, 'eng', 'Kiribati', 'in Kiribati'),
	(86, 'rus', 'Кирибати', 'в Кирибати'),
	(86, 'ukr', 'Кірібаті', 'в Кірібаті'),
	(87, 'eng', 'Kuwait', 'in Kuwait'),
	(87, 'rus', 'Кувейт', 'в Кувейте'),
	(87, 'ukr', 'Кувейт', 'в Кувейті'),
	(88, 'eng', 'Kyrgyzstan', 'in Kyrgyzstan'),
	(88, 'rus', 'Киргизия', 'в Киргизии'),
	(88, 'ukr', 'Киргизстан', 'в Киргизстані'),
	(89, 'eng', 'Laos', 'in Laos'),
	(89, 'rus', 'Лаос', 'в Лаосе'),
	(89, 'ukr', 'Лаос', 'в Лаосі'),
	(90, 'eng', 'Latvia', 'in Latvia'),
	(90, 'rus', 'Латвия', 'в Латвии'),
	(90, 'ukr', 'Латвія', 'в Латвії'),
	(91, 'eng', 'Lebanon', 'in Lebanon'),
	(91, 'rus', 'Ливан', 'в Ливане'),
	(91, 'ukr', 'Ліван', 'в Лівані'),
	(92, 'eng', 'Lesotho', 'in Lesotho'),
	(92, 'rus', 'Лесото', 'в Лесото'),
	(92, 'ukr', 'Лесото', 'в Лесото'),
	(93, 'eng', 'Liberia', 'in Liberia'),
	(93, 'rus', 'Либерия', 'в Либерии'),
	(93, 'ukr', 'Ліберія', 'в Ліберії'),
	(94, 'eng', 'Libya', 'in Libya'),
	(94, 'rus', 'Ливия', 'в Ливии'),
	(94, 'ukr', 'Лівія', 'в Лівії'),
	(95, 'eng', 'Lithuania', 'in Lithuania'),
	(95, 'rus', 'Литва', 'в Литве'),
	(95, 'ukr', 'Литва', 'в Литві'),
	(96, 'eng', 'Luxembourg', 'in Luxembourg'),
	(96, 'rus', 'Люксембург', 'в Люксембурге'),
	(96, 'ukr', 'Люксембург', 'в Люксембурзі'),
	(97, 'eng', 'Macau', 'in Macau'),
	(97, 'rus', 'Макао', 'в Макао'),
	(97, 'ukr', 'Макао', 'в Макао'),
	(98, 'eng', 'Madagascar', 'in Madagascar'),
	(98, 'rus', 'Мадагаскар', 'на Мадагаскаре'),
	(98, 'ukr', 'Мадагаскар', 'на Мадагаскарі'),
	(99, 'eng', 'Malawi', 'in Malawi'),
	(99, 'rus', 'Малави', 'в Малави'),
	(99, 'ukr', 'Малаві', 'в Малаві'),
	(100, 'eng', 'Malaysia', 'in Malaysia'),
	(100, 'rus', 'Малайзия', 'в Малайзии'),
	(100, 'ukr', 'Малайзія', 'в Малайзії'),
	(101, 'eng', 'Mali', 'in Mali'),
	(101, 'rus', 'Мали', 'в Мали'),
	(101, 'ukr', 'Малі', 'в Малі'),
	(102, 'eng', 'Malta', 'in Malta'),
	(102, 'rus', 'Мальта', 'на Мальте'),
	(102, 'ukr', 'Мальта', 'на Мальті'),
	(103, 'eng', 'Mauritania', 'in Mauritania'),
	(103, 'rus', 'Мавритания', 'в Мавритании'),
	(103, 'ukr', 'Мавританія', 'в Мавританії'),
	(104, 'eng', 'Mauritius', 'in Mauritius'),
	(104, 'rus', 'Маврикий', 'на Маврикии'),
	(104, 'ukr', 'Маврикій', 'на Маврикії'),
	(105, 'eng', 'Mexico', 'in Mexico'),
	(105, 'rus', 'Мексика', 'в Мексике'),
	(105, 'ukr', 'Мексика', 'в Мексиці'),
	(106, 'eng', 'Moldova', 'in Moldova'),
	(106, 'rus', 'Молдова', 'в Молдове'),
	(106, 'ukr', 'Молдова', 'в Молдові'),
	(107, 'eng', 'Mongolia', 'in Mongolia'),
	(107, 'rus', 'Монголия', 'в Монголии'),
	(107, 'ukr', 'Монголія', 'в Монголії'),
	(108, 'eng', 'Montenegro', 'in Montenegro'),
	(108, 'rus', 'Черногория', 'в Черногории'),
	(108, 'ukr', 'Чорногорія', 'в Чорногорії'),
	(109, 'eng', 'Morocco', 'in Morocco'),
	(109, 'rus', 'Марокко', 'в Марокко'),
	(109, 'ukr', 'Марокко', 'в Марокко'),
	(110, 'eng', 'Mozambique', 'in Mozambique'),
	(110, 'rus', 'Мозамбик', 'в Мозамбике'),
	(110, 'ukr', 'Мозамбік', 'в Мозамбіку'),
	(111, 'eng', 'Myanmar', 'in Myanmar'),
	(111, 'rus', 'Мьянма', 'в Мьянме'),
	(111, 'ukr', 'М\'янма', 'в М\'янмі'),
	(112, 'eng', 'Namibia', 'in Namibia'),
	(112, 'rus', 'Намибия', 'в Намибии'),
	(112, 'ukr', 'Намібія', 'в Намібії'),
	(113, 'eng', 'Nepal', 'in Nepal'),
	(113, 'rus', 'Непал', 'в Непале'),
	(113, 'ukr', 'Непал', 'в Непалі'),
	(114, 'eng', 'Netherlands', 'in Netherlands'),
	(114, 'rus', 'Нидерланды', 'в Нидерландах'),
	(114, 'ukr', 'Нідерланди', 'в Нідерландах'),
	(115, 'eng', 'New Zealand', 'in New Zealand'),
	(115, 'rus', 'Новая Зеландия', 'в Новой Зеландии'),
	(115, 'ukr', 'Нова Зеландія', 'в Новій Зеландії'),
	(116, 'eng', 'Nicaragua', 'in Nicaragua'),
	(116, 'rus', 'Никарагуа', 'в Никарагуа'),
	(116, 'ukr', 'Нікарагуа', 'в Нікарагуа'),
	(117, 'eng', 'Niger', 'in Niger'),
	(117, 'rus', 'Нигер', 'в Нигере'),
	(117, 'ukr', 'Нігер', 'в Нігері'),
	(118, 'eng', 'Nigeria', 'in Nigeria'),
	(118, 'rus', 'Нигерия', 'в Нигерии'),
	(118, 'ukr', 'Нігерія', 'в Нігерії'),
	(119, 'eng', 'North Macedonia', 'in North Macedonia'),
	(119, 'rus', 'Северная Македония', 'в Северной Македонии'),
	(119, 'ukr', 'Північна Македонія', 'в Північній Македонії'),
	(120, 'eng', 'Norway', 'in Norway'),
	(120, 'rus', 'Норвегия', 'в Норвегии'),
	(120, 'ukr', 'Норвегія', 'в Норвегії'),
	(121, 'eng', 'Oman', 'in Oman'),
	(121, 'rus', 'Оман', 'в Омане'),
	(121, 'ukr', 'Оман', 'в Омані'),
	(122, 'eng', 'Pakistan', 'in Pakistan'),
	(122, 'rus', 'Пакистан', 'в Пакистане'),
	(122, 'ukr', 'Пакистан', 'в Пакистані'),
	(123, 'eng', 'Palestine', 'in Palestine'),
	(123, 'rus', 'Палестина', 'в Палестине'),
	(123, 'ukr', 'Палестина', 'в Палестині'),
	(124, 'eng', 'Panama', 'in Panama'),
	(124, 'rus', 'Панама', 'в Панаме'),
	(124, 'ukr', 'Панама', 'в Панамі'),
	(125, 'eng', 'Papua New Guinea', 'in Papua New Guinea'),
	(125, 'rus', 'Папуа - Новая Гвинея', 'в Папуа - Новой Гвинее'),
	(125, 'ukr', 'Папуа-Нова Гвінея', 'в Папуа-Новій Гвінеї'),
	(126, 'eng', 'Paraguay', 'in Paraguay'),
	(126, 'rus', 'Парагвай', 'в Парагвае'),
	(126, 'ukr', 'Парагвай', 'в Парагваї'),
	(127, 'eng', 'China', 'in China'),
	(127, 'rus', 'Китай', 'в Китае'),
	(127, 'ukr', 'Китай', 'в Китаї'),
	(128, 'eng', 'Peru', 'in Peru'),
	(128, 'rus', 'Перу', 'в Перу'),
	(128, 'ukr', 'Перу', 'в Перу'),
	(129, 'eng', 'Philippines', 'in Philippines'),
	(129, 'rus', 'Филиппины', 'на Филиппинах'),
	(129, 'ukr', 'Філіппіни', 'на Філіппінах'),
	(130, 'eng', 'Poland', 'in Poland'),
	(130, 'rus', 'Польша', 'в Польше'),
	(130, 'ukr', 'Польща', 'в Польщі'),
	(131, 'eng', 'Portugal', 'in Portugal'),
	(131, 'rus', 'Португалия', 'в Португалии'),
	(131, 'ukr', 'Португалія', 'в Португалії'),
	(132, 'eng', 'Romania', 'in Romania'),
	(132, 'rus', 'Румыния', 'в Румынии'),
	(132, 'ukr', 'Румунія', 'в Румунії'),
	(133, 'eng', 'Russia', 'in Russia'),
	(133, 'rus', 'Россия', 'в России'),
	(133, 'ukr', 'Росія', 'в Росії'),
	(134, 'eng', 'Rwanda', 'in Rwanda'),
	(134, 'rus', 'Руанда', 'в Руанде'),
	(134, 'ukr', 'Руанда', 'в Руанді'),
	(135, 'eng', 'Saint Lucia', 'in Saint Lucia'),
	(135, 'rus', 'Сент-Люсия', 'в Сент-Люсии'),
	(135, 'ukr', 'Сент-Люсія', 'в Сент-Люсії'),
	(136, 'eng', 'Saint Vincent and the Grenadines', 'in Saint Vincent and the Grenadines'),
	(136, 'rus', 'Сент-Винсент и Гренадины', 'в Сент-Винсенте и Гренадинах'),
	(136, 'ukr', 'Сент-Вінсент та Гренадини', 'в Сент-Вінсенті та Гренадинах'),
	(137, 'eng', 'Samoa', 'in Samoa'),
	(137, 'rus', 'Самоа', 'на Самоа'),
	(137, 'ukr', 'Самоа', 'на Самоа'),
	(138, 'eng', 'Sao Tome and Principe', 'in Sao Tome and Principe'),
	(138, 'rus', 'Сан-Томе и Принсипи', 'в Сан-Томе и Принсипи'),
	(138, 'ukr', 'Сан-Томе і Принсіпі', 'в Сан-Томе і Принсіпі'),
	(139, 'eng', 'Saudi Arabia', 'in Saudi Arabia'),
	(139, 'rus', 'Саудовская Аравия', 'в Саудовской Аравии'),
	(139, 'ukr', 'Саудівська Аравія', 'в Саудівській Аравії'),
	(140, 'eng', 'Senegal', 'in Senegal'),
	(140, 'rus', 'Сенегал', 'в Сенегале'),
	(140, 'ukr', 'Сенегал', 'в Сенегалі'),
	(141, 'eng', 'Serbia', 'in Serbia'),
	(141, 'rus', 'Сербия', 'в Сербии'),
	(141, 'ukr', 'Сербія', 'в Сербії'),
	(142, 'eng', 'Seychelles', 'in Seychelles'),
	(142, 'rus', 'Сейшельские острова', 'на Сейшельских островах'),
	(142, 'ukr', 'Сейшельські острови', 'на Сейшельських островах'),
	(143, 'eng', 'Sierra Leone', 'in Sierra Leone'),
	(143, 'rus', 'Сьерра-Леоне', 'в Сьерра-Леоне'),
	(143, 'ukr', 'Сьєрра-Леоне', 'в Сьєрра-Леоне'),
	(144, 'eng', 'Singapore', 'in Singapore'),
	(144, 'rus', 'Сингапур', 'в Сингапуре'),
	(144, 'ukr', 'Сінгапур', 'в Сінгапурі'),
	(145, 'eng', 'Slovakia', 'in Slovakia'),
	(145, 'rus', 'Словакия', 'в Словакии'),
	(145, 'ukr', 'Словаччина', 'в Словаччині'),
	(146, 'eng', 'Slovenia', 'in Slovenia'),
	(146, 'rus', 'Словения', 'в Словении'),
	(146, 'ukr', 'Словенія', 'в Словенії'),
	(147, 'eng', 'Solomon Islands', 'in Solomon Islands'),
	(147, 'rus', 'Соломоновы острова', 'на Соломоновых островах'),
	(147, 'ukr', 'Соломонові острови', 'на Соломонових островах'),
	(148, 'eng', 'South Africa', 'in South Africa'),
	(148, 'rus', 'Южная Африка', 'в Южной Африке'),
	(148, 'ukr', 'Південна Африка', 'в Південній Африці'),
	(149, 'eng', 'South Korea', 'in South Korea'),
	(149, 'rus', 'Южная Корея', 'в Южной Корее'),
	(149, 'ukr', 'Південна Корея', 'в Південній Кореї'),
	(150, 'eng', 'South Sudan', 'in South Sudan'),
	(150, 'rus', 'Южный Судан', 'в Южном Судане'),
	(150, 'ukr', 'Південний Судан', 'в Південному Судані'),
	(151, 'eng', 'Spain', 'in Spain'),
	(151, 'rus', 'Испания', 'в Испании'),
	(151, 'ukr', 'Іспанія', 'в Іспанії'),
	(152, 'eng', 'Sri Lanka', 'in Sri Lanka'),
	(152, 'rus', 'Шри-Ланка', 'на Шри-Ланка'),
	(152, 'ukr', 'Шрі Ланка', 'на Шрі Ланці'),
	(153, 'eng', 'Sudan', 'in Sudan'),
	(153, 'rus', 'Судан', 'в Судане'),
	(153, 'ukr', 'Судан', 'в Судані'),
	(154, 'eng', 'Suriname', 'in Suriname'),
	(154, 'rus', 'Суринам', 'в Суринаме'),
	(154, 'ukr', 'Сурінам', 'в Сурінамі'),
	(155, 'eng', 'Sweden', 'in Sweden'),
	(155, 'rus', 'Швеция', 'в Швеции'),
	(155, 'ukr', 'Швеція', 'в Швеції'),
	(156, 'eng', 'Switzerland', 'in Switzerland'),
	(156, 'rus', 'Швейцария', 'в Швейцарии'),
	(156, 'ukr', 'Швейцарія', 'в Швейцарії'),
	(157, 'eng', 'Syria', 'in Syria'),
	(157, 'rus', 'Сирия', 'в Сирии'),
	(157, 'ukr', 'Сирія', 'в Сирії'),
	(158, 'eng', 'Tajikistan', 'in Tajikistan'),
	(158, 'rus', 'Таджикистан', 'в Таджикистане'),
	(158, 'ukr', 'Таджикистан', 'в Таджикистані'),
	(159, 'eng', 'Tanzania', 'in Tanzania'),
	(159, 'rus', 'Танзания', 'в Танзании'),
	(159, 'ukr', 'Танзанія', 'в Танзанії'),
	(160, 'eng', 'Thailand', 'in Thailand'),
	(160, 'rus', 'Таиланд', 'в Таиланде'),
	(160, 'ukr', 'Таїланд', 'в Таїланді'),
	(161, 'eng', 'Timor Leste', 'in Timor Leste'),
	(161, 'rus', 'Восточный Тимор', 'в Восточном Тиморе'),
	(161, 'ukr', 'Східний Тимор', 'в Східному Тиморі'),
	(162, 'eng', 'Togo', 'in Togo'),
	(162, 'rus', 'Того', 'в Того'),
	(162, 'ukr', 'Того', 'в Того'),
	(163, 'eng', 'Tonga', 'in Tonga'),
	(163, 'rus', 'Тонга', 'в Тонга'),
	(163, 'ukr', 'Тонга', 'в Тонга'),
	(164, 'eng', 'Trinidad and Tobago', 'in Trinidad and Tobago'),
	(164, 'rus', 'Тринидад и Тобаго', 'в Тринидаде и Тобаго'),
	(164, 'ukr', 'Тринідад і Тобаго', 'в Тринідаді і Тобаго'),
	(165, 'eng', 'Tunisia', 'in Tunisia'),
	(165, 'rus', 'Тунис', 'в Тунисе'),
	(165, 'ukr', 'Туніс', 'в Тунісі'),
	(166, 'eng', 'Turkey', 'in Turkey'),
	(166, 'rus', 'Турция', 'в Турции'),
	(166, 'ukr', 'Туреччина', 'в Туреччині'),
	(167, 'eng', 'Turkmenistan', 'in Turkmenistan'),
	(167, 'rus', 'Туркменистан', 'в Туркменистане'),
	(167, 'ukr', 'Туркменістан', 'в Туркменістані'),
	(168, 'eng', 'Uganda', 'in Uganda'),
	(168, 'rus', 'Уганда', 'в Уганде'),
	(168, 'ukr', 'Уганда', 'в Уганді'),
	(169, 'eng', 'Ukraine', 'in Ukraine'),
	(169, 'rus', 'Украина', 'в Украине'),
	(169, 'ukr', 'Україна', 'в Україні'),
	(170, 'eng', 'United Arab Emirates', 'in United Arab Emirates'),
	(170, 'rus', 'Объединенные Арабские Эмираты', 'в Объединенных Арабских Эмиратах'),
	(170, 'ukr', 'Об\'єднані Арабські Емірати', 'в Об\'єднаних Арабських Еміратах'),
	(171, 'eng', 'United Kingdom', 'in United Kingdom'),
	(171, 'rus', 'Соединенное Королевство', 'в Соединенном Королевстве'),
	(171, 'ukr', 'Об\'єднане Королівство', 'в Об\'єднаному Королівстві'),
	(172, 'eng', 'United States', 'in United States'),
	(172, 'rus', 'Соединенные Штаты Америки (США)', 'в Соединенных Штатах Америки (США)'),
	(172, 'ukr', 'Сполучені Штати Америки (США)', 'в Сполучених Штатах Америки (США)'),
	(173, 'eng', 'Uruguay', 'in Uruguay'),
	(173, 'rus', 'Уругвай', 'в Уругвае'),
	(173, 'ukr', 'Уругвай', 'в Уругваї'),
	(174, 'eng', 'Uzbekistan', 'in Uzbekistan'),
	(174, 'rus', 'Узбекистан', 'в Узбекистане'),
	(174, 'ukr', 'Узбекистан', 'в Узбекистані'),
	(175, 'eng', 'Vanuatu', 'in Vanuatu'),
	(175, 'rus', 'Вануату', 'в Вануату'),
	(175, 'ukr', 'Вануату', 'в Вануату'),
	(176, 'eng', 'Venezuela', 'in Venezuela'),
	(176, 'rus', 'Венесуэла', 'в Венесуэле'),
	(176, 'ukr', 'Венесуела', 'в Венесуелі'),
	(177, 'eng', 'Vietnam', 'in Vietnam'),
	(177, 'rus', 'Вьетнам', 'во Вьетнаме'),
	(177, 'ukr', 'В\'єтнам', 'у В\'єтнамі'),
	(178, 'eng', 'Yemen', 'in Yemen'),
	(178, 'rus', 'Йемен', 'в Йемене'),
	(178, 'ukr', 'Ємен', 'в Ємені'),
	(179, 'eng', 'Zambia', 'in Zambia'),
	(179, 'rus', 'Замбия', 'в Замбии'),
	(179, 'ukr', 'Замбія', 'в Замбії'),
	(180, 'eng', 'Zimbabwe', 'in Zimbabwe'),
	(180, 'rus', 'Зимбабве', 'в Зимбабве'),
	(180, 'ukr', 'Зімбабве', 'в Зімбабве'),
	(181, 'eng', 'World', 'in World'),
	(181, 'rus', 'Мир', 'в Мире'),
	(181, 'ukr', 'світ', 'в світі'),
	(182, 'eng', 'Arab States', 'in Arab States'),
	(182, 'rus', 'Арабские государства', 'в Арабских государствах'),
	(182, 'ukr', 'Арабські держави', 'в Арабських державах'),
	(183, 'eng', 'Latin America and the Caribbean', 'in Latin America and the Caribbean'),
	(183, 'rus', 'Латинская Америка и Карибский бассейн', 'в Латинской Америке и Карибском бассейне'),
	(183, 'ukr', 'Латинська Америка та Кариби', 'в Латинській Америці та Карибах'),
	(184, 'eng', 'East Asia, Southeast Asia and Oceania', 'in East Asia, Southeast Asia and Oceania'),
	(184, 'rus', 'Восточная и Юго-Восточная Азия и Океания', 'в Восточной и Юго-Восточной Азии и Океании'),
	(184, 'ukr', 'Східна Азія та Південно-Східна Азія і Океанія', 'в Східній та Південно-Східній Азії і Океанії'),
	(185, 'eng', 'Europe and Central Asia', 'in Europe and Central Asia'),
	(185, 'rus', 'Европа и Центральная Азия', 'в Европе и Центральной Азии'),
	(185, 'ukr', 'Європа та Центральна Азія', 'в Європі та Центральній Азії'),
	(186, 'eng', 'South Asia', 'in South Asia'),
	(186, 'rus', 'Южная Азия', 'в Южной Азии'),
	(186, 'ukr', 'Південна Азія', 'в Південній Азії'),
	(187, 'eng', 'Sub-Saharan Africa', 'in Sub-Saharan Africa'),
	(187, 'rus', 'южнее Сахары', 'южнее Сахары'),
	(187, 'ukr', 'південніше від Сахари', 'південніше від Сахари'),
	(188, 'eng', 'England', 'in England'),
	(188, 'rus', 'Англия', 'в Англии'),
	(188, 'ukr', 'Англія', 'в Англії');
/*!40000 ALTER TABLE `countries_text` ENABLE KEYS */;

-- Dumping data for table lifetime.genders: ~3 rows (приблизно)
/*!40000 ALTER TABLE `genders` DISABLE KEYS */;
INSERT INTO `genders` (`id`) VALUES
	(1),
	(2),
	(3);
/*!40000 ALTER TABLE `genders` ENABLE KEYS */;

-- Dumping data for table lifetime.genders_text: ~9 rows (приблизно)
/*!40000 ALTER TABLE `genders_text` DISABLE KEYS */;
INSERT INTO `genders_text` (`gender_id`, `lang`, `name`) VALUES
	(1, 'eng', 'overall'),
	(1, 'rus', 'в целом'),
	(1, 'ukr', 'загалом'),
	(2, 'eng', 'female'),
	(2, 'rus', 'женский'),
	(2, 'ukr', 'жіноча'),
	(3, 'eng', 'male'),
	(3, 'rus', 'мужской'),
	(3, 'ukr', 'чоловіча');
/*!40000 ALTER TABLE `genders_text` ENABLE KEYS */;

-- Dumping data for table lifetime.languages: ~3 rows (приблизно)
/*!40000 ALTER TABLE `languages` DISABLE KEYS */;
INSERT INTO `languages` (`code`, `name`, `default`) VALUES
	('eng', 'english', 'Y'),
	('rus', 'русский', 'N'),
	('ukr', 'українська', 'N');
/*!40000 ALTER TABLE `languages` ENABLE KEYS */;

-- Dumping data for table lifetime.life_exp: ~561 rows (приблизно)
/*!40000 ALTER TABLE `life_exp` DISABLE KEYS */;
INSERT INTO `life_exp` (`country_id`, `gender_id`, `life_exp`) VALUES
	(32, 3, 50.6),
	(92, 3, 50.6),
	(33, 3, 52.6),
	(32, 1, 52.8),
	(118, 3, 53.5),
	(143, 3, 53.5),
	(92, 1, 53.7),
	(33, 1, 54),
	(118, 1, 54.3),
	(143, 1, 54.3),
	(32, 2, 55),
	(143, 2, 55.1),
	(118, 2, 55.2),
	(53, 3, 55.3),
	(33, 2, 55.4),
	(68, 3, 56),
	(150, 3, 56.1),
	(44, 3, 56.3),
	(92, 2, 57),
	(110, 3, 57.1),
	(44, 1, 57.4),
	(51, 3, 57.4),
	(150, 1, 57.6),
	(30, 3, 57.7),
	(68, 1, 58),
	(3, 3, 58.1),
	(101, 3, 58.1),
	(51, 1, 58.4),
	(44, 2, 58.7),
	(30, 1, 58.9),
	(37, 3, 58.9),
	(101, 1, 58.9),
	(150, 2, 59.1),
	(27, 3, 59.4),
	(53, 1, 59.4),
	(187, 3, 59.4),
	(180, 3, 59.5),
	(51, 2, 59.6),
	(101, 2, 59.6),
	(18, 3, 59.9),
	(68, 2, 59.9),
	(162, 3, 59.9),
	(30, 2, 60.2),
	(110, 1, 60.2),
	(26, 3, 60.4),
	(37, 1, 60.4),
	(60, 3, 60.4),
	(112, 3, 60.4),
	(67, 3, 60.5),
	(148, 3, 60.5),
	(179, 3, 60.5),
	(99, 3, 60.7),
	(168, 3, 60.7),
	(3, 1, 60.8),
	(162, 1, 60.8),
	(117, 3, 60.9),
	(26, 1, 61.2),
	(27, 1, 61.2),
	(67, 1, 61.2),
	(180, 1, 61.2),
	(187, 1, 61.2),
	(18, 1, 61.5),
	(70, 3, 61.5),
	(162, 2, 61.6),
	(60, 1, 61.7),
	(67, 2, 61.7),
	(26, 2, 61.9),
	(37, 2, 61.9),
	(117, 1, 62),
	(93, 3, 62.3),
	(36, 3, 62.4),
	(180, 2, 62.6),
	(63, 3, 62.7),
	(38, 3, 62.8),
	(187, 2, 62.9),
	(1, 3, 63),
	(18, 2, 63),
	(27, 2, 63),
	(110, 2, 63),
	(125, 3, 63),
	(168, 1, 63),
	(103, 3, 63.1),
	(60, 2, 63.2),
	(117, 2, 63.2),
	(159, 3, 63.2),
	(85, 1, 63.3),
	(153, 3, 63.3),
	(112, 1, 63.4),
	(179, 1, 63.5),
	(3, 2, 63.7),
	(70, 1, 63.7),
	(93, 1, 63.7),
	(52, 3, 63.8),
	(63, 1, 63.8),
	(99, 1, 63.8),
	(111, 3, 63.8),
	(148, 1, 63.9),
	(53, 2, 64),
	(85, 3, 64),
	(86, 3, 64),
	(36, 1, 64.1),
	(59, 3, 64.2),
	(38, 1, 64.3),
	(125, 1, 64.3),
	(54, 3, 64.4),
	(178, 3, 64.4),
	(1, 1, 64.5),
	(46, 3, 64.6),
	(167, 3, 64.6),
	(103, 1, 64.7),
	(63, 2, 64.9),
	(159, 1, 65),
	(93, 2, 65.1),
	(98, 3, 65.1),
	(153, 1, 65.1),
	(168, 2, 65.2),
	(140, 3, 65.5),
	(56, 3, 65.6),
	(107, 3, 65.6),
	(125, 2, 65.6),
	(38, 2, 65.7),
	(70, 2, 65.8),
	(89, 3, 65.8),
	(36, 2, 65.9),
	(52, 1, 65.9),
	(1, 2, 66),
	(55, 3, 66.1),
	(178, 1, 66.1),
	(22, 3, 66.2),
	(54, 1, 66.2),
	(59, 1, 66.2),
	(112, 2, 66.2),
	(122, 3, 66.2),
	(103, 2, 66.3),
	(179, 2, 66.4),
	(134, 3, 66.5),
	(46, 1, 66.6),
	(157, 3, 66.6),
	(98, 1, 66.7),
	(69, 3, 66.8),
	(159, 2, 66.8),
	(99, 2, 66.9),
	(111, 1, 66.9),
	(133, 3, 66.9),
	(153, 2, 66.9),
	(169, 3, 67),
	(122, 1, 67.1),
	(129, 3, 67.1),
	(29, 3, 67.3),
	(56, 1, 67.3),
	(88, 3, 67.3),
	(161, 3, 67.3),
	(148, 2, 67.4),
	(106, 3, 67.5),
	(89, 1, 67.6),
	(140, 1, 67.7),
	(55, 1, 67.8),
	(138, 3, 67.8),
	(178, 2, 67.8),
	(86, 1, 68.1),
	(122, 2, 68.1),
	(167, 1, 68.1),
	(50, 3, 68.2),
	(52, 2, 68.2),
	(54, 2, 68.2),
	(74, 3, 68.2),
	(98, 2, 68.3),
	(20, 3, 68.4),
	(77, 3, 68.4),
	(154, 3, 68.4),
	(176, 3, 68.4),
	(186, 3, 68.5),
	(85, 2, 68.7),
	(134, 1, 68.7),
	(158, 3, 68.7),
	(46, 2, 68.8),
	(84, 3, 68.8),
	(175, 3, 68.8),
	(59, 2, 68.9),
	(163, 3, 68.9),
	(113, 3, 69),
	(56, 2, 69.2),
	(61, 3, 69.2),
	(22, 1, 69.3),
	(28, 3, 69.3),
	(161, 1, 69.3),
	(15, 3, 69.4),
	(74, 1, 69.4),
	(75, 3, 69.4),
	(89, 2, 69.4),
	(174, 3, 69.4),
	(55, 2, 69.5),
	(29, 1, 69.6),
	(49, 3, 69.6),
	(140, 2, 69.6),
	(107, 1, 69.7),
	(186, 1, 69.7),
	(69, 1, 69.8),
	(142, 3, 69.8),
	(94, 3, 69.9),
	(111, 2, 69.9),
	(65, 3, 70.1),
	(90, 3, 70.1),
	(95, 3, 70.1),
	(136, 3, 70.2),
	(138, 1, 70.2),
	(182, 3, 70.2),
	(10, 3, 70.3),
	(175, 1, 70.3),
	(181, 3, 70.4),
	(77, 1, 70.5),
	(113, 1, 70.5),
	(13, 3, 70.6),
	(74, 2, 70.7),
	(116, 3, 70.7),
	(47, 3, 70.8),
	(134, 2, 70.8),
	(163, 1, 70.8),
	(164, 3, 70.8),
	(185, 3, 70.8),
	(158, 1, 70.9),
	(19, 3, 71.1),
	(66, 3, 71.1),
	(129, 1, 71.1),
	(186, 2, 71.1),
	(6, 3, 71.2),
	(20, 1, 71.2),
	(137, 3, 71.2),
	(147, 3, 71.2),
	(177, 3, 71.2),
	(88, 1, 71.3),
	(25, 3, 71.4),
	(161, 2, 71.4),
	(11, 3, 71.5),
	(19, 1, 71.5),
	(75, 1, 71.5),
	(104, 3, 71.5),
	(17, 3, 71.6),
	(29, 2, 71.6),
	(154, 1, 71.6),
	(167, 2, 71.6),
	(174, 1, 71.6),
	(19, 2, 71.8),
	(49, 1, 71.8),
	(106, 1, 71.8),
	(157, 1, 71.8),
	(113, 2, 71.9),
	(182, 1, 71.9),
	(22, 2, 72),
	(23, 3, 72),
	(169, 1, 72),
	(175, 2, 72),
	(86, 2, 72.1),
	(105, 3, 72.1),
	(176, 1, 72.1),
	(126, 3, 72.2),
	(13, 1, 72.3),
	(123, 3, 72.3),
	(183, 3, 72.3),
	(65, 1, 72.4),
	(133, 1, 72.4),
	(136, 1, 72.4),
	(77, 2, 72.5),
	(132, 3, 72.5),
	(138, 2, 72.6),
	(181, 1, 72.6),
	(83, 3, 72.7),
	(94, 1, 72.7),
	(28, 1, 72.8),
	(71, 3, 72.8),
	(81, 3, 72.8),
	(147, 1, 72.8),
	(163, 2, 72.8),
	(10, 1, 72.9),
	(184, 3, 72.9),
	(69, 2, 73),
	(5, 3, 73.1),
	(50, 1, 73.1),
	(72, 3, 73.1),
	(84, 1, 73.2),
	(137, 1, 73.2),
	(158, 2, 73.2),
	(160, 3, 73.2),
	(141, 3, 73.3),
	(142, 1, 73.3),
	(152, 3, 73.4),
	(164, 1, 73.4),
	(61, 1, 73.6),
	(75, 2, 73.7),
	(119, 3, 73.7),
	(174, 2, 73.7),
	(11, 1, 73.8),
	(128, 3, 73.8),
	(139, 3, 73.8),
	(145, 3, 73.8),
	(182, 2, 73.8),
	(47, 1, 73.9),
	(123, 1, 73.9),
	(107, 2, 74),
	(173, 3, 74),
	(48, 3, 74.1),
	(66, 1, 74.1),
	(126, 1, 74.1),
	(20, 2, 74.2),
	(49, 2, 74.2),
	(100, 3, 74.2),
	(185, 1, 74.2),
	(13, 2, 74.3),
	(35, 3, 74.3),
	(108, 3, 74.3),
	(116, 1, 74.3),
	(81, 1, 74.4),
	(83, 1, 74.4),
	(166, 3, 74.4),
	(17, 1, 74.5),
	(127, 3, 74.5),
	(165, 3, 74.5),
	(15, 1, 74.6),
	(24, 3, 74.6),
	(130, 3, 74.6),
	(87, 3, 74.7),
	(135, 3, 74.7),
	(147, 2, 74.7),
	(21, 3, 74.8),
	(6, 1, 74.9),
	(25, 1, 74.9),
	(65, 2, 74.9),
	(104, 1, 74.9),
	(154, 2, 74.9),
	(181, 2, 74.9),
	(105, 1, 75),
	(136, 2, 75),
	(139, 1, 75),
	(40, 3, 75.1),
	(71, 1, 75.1),
	(90, 1, 75.2),
	(109, 3, 75.2),
	(124, 3, 75.2),
	(10, 2, 75.3),
	(137, 2, 75.3),
	(177, 1, 75.3),
	(184, 1, 75.3),
	(76, 3, 75.4),
	(87, 1, 75.4),
	(129, 2, 75.4),
	(183, 1, 75.4),
	(2, 3, 75.5),
	(88, 2, 75.5),
	(123, 2, 75.6),
	(4, 3, 75.7),
	(23, 1, 75.7),
	(24, 1, 75.7),
	(95, 1, 75.7),
	(119, 1, 75.7),
	(94, 2, 75.8),
	(141, 1, 75.8),
	(11, 2, 75.9),
	(121, 3, 75.9),
	(132, 1, 75.9),
	(28, 2, 76),
	(81, 2, 76),
	(100, 1, 76.1),
	(106, 2, 76.1),
	(135, 1, 76.1),
	(164, 2, 76.1),
	(176, 2, 76.1),
	(83, 2, 76.2),
	(12, 3, 76.3),
	(126, 2, 76.3),
	(172, 3, 76.3),
	(5, 1, 76.5),
	(76, 1, 76.5),
	(87, 2, 76.5),
	(109, 1, 76.5),
	(128, 1, 76.5),
	(165, 1, 76.5),
	(43, 3, 76.6),
	(139, 2, 76.6),
	(2, 1, 76.7),
	(41, 3, 76.7),
	(72, 1, 76.7),
	(127, 1, 76.7),
	(169, 2, 76.7),
	(48, 1, 76.8),
	(108, 1, 76.8),
	(152, 1, 76.8),
	(4, 1, 76.9),
	(66, 2, 76.9),
	(160, 1, 76.9),
	(24, 2, 77),
	(35, 1, 77.1),
	(91, 3, 77.1),
	(170, 3, 77.1),
	(12, 1, 77.2),
	(47, 2, 77.2),
	(21, 1, 77.3),
	(84, 2, 77.3),
	(142, 2, 77.3),
	(71, 2, 77.4),
	(135, 2, 77.4),
	(145, 1, 77.4),
	(166, 1, 77.4),
	(39, 3, 77.5),
	(185, 2, 77.5),
	(34, 3, 77.6),
	(50, 2, 77.6),
	(121, 1, 77.6),
	(133, 2, 77.6),
	(14, 3, 77.7),
	(17, 2, 77.7),
	(76, 2, 77.7),
	(109, 2, 77.7),
	(119, 2, 77.7),
	(45, 3, 77.8),
	(105, 2, 77.8),
	(116, 2, 77.8),
	(157, 2, 77.8),
	(170, 1, 77.8),
	(173, 1, 77.8),
	(184, 2, 77.8),
	(2, 2, 77.9),
	(4, 2, 78),
	(61, 2, 78),
	(12, 2, 78.3),
	(40, 1, 78.3),
	(100, 2, 78.3),
	(124, 1, 78.3),
	(6, 2, 78.4),
	(104, 2, 78.4),
	(146, 3, 78.4),
	(25, 2, 78.5),
	(130, 1, 78.5),
	(141, 2, 78.5),
	(165, 2, 78.5),
	(41, 1, 78.6),
	(183, 2, 78.6),
	(42, 3, 78.7),
	(62, 3, 78.8),
	(131, 3, 78.8),
	(57, 3, 78.9),
	(91, 1, 78.9),
	(172, 1, 78.9),
	(9, 3, 79),
	(7, 3, 79.1),
	(14, 1, 79.1),
	(16, 3, 79.1),
	(127, 2, 79.1),
	(43, 1, 79.2),
	(108, 2, 79.2),
	(170, 2, 79.2),
	(128, 2, 79.3),
	(15, 2, 79.4),
	(23, 2, 79.4),
	(132, 2, 79.4),
	(177, 2, 79.4),
	(171, 3, 79.5),
	(188, 3, 79.5),
	(48, 2, 79.6),
	(58, 3, 79.6),
	(64, 3, 79.6),
	(21, 2, 79.7),
	(149, 3, 79.7),
	(5, 2, 79.9),
	(35, 2, 79.9),
	(90, 2, 79.9),
	(34, 1, 80),
	(96, 3, 80),
	(39, 1, 80.1),
	(72, 2, 80.1),
	(121, 2, 80.1),
	(152, 2, 80.1),
	(31, 3, 80.3),
	(120, 3, 80.3),
	(166, 2, 80.3),
	(14, 2, 80.4),
	(78, 3, 80.4),
	(114, 3, 80.4),
	(115, 3, 80.4),
	(102, 3, 80.5),
	(41, 2, 80.6),
	(151, 3, 80.7),
	(160, 2, 80.7),
	(42, 1, 80.8),
	(45, 1, 80.8),
	(91, 2, 80.8),
	(145, 2, 80.8),
	(155, 3, 80.9),
	(79, 3, 81.1),
	(80, 3, 81.1),
	(82, 3, 81.1),
	(62, 1, 81.2),
	(95, 2, 81.2),
	(146, 1, 81.2),
	(171, 1, 81.2),
	(188, 1, 81.2),
	(8, 3, 81.3),
	(73, 3, 81.3),
	(9, 1, 81.4),
	(172, 2, 81.4),
	(173, 2, 81.4),
	(7, 1, 81.5),
	(16, 1, 81.5),
	(40, 2, 81.5),
	(144, 3, 81.5),
	(124, 2, 81.6),
	(57, 1, 81.7),
	(156, 3, 81.7),
	(43, 2, 81.8),
	(97, 3, 81.8),
	(131, 1, 81.9),
	(64, 1, 82.1),
	(78, 1, 82.1),
	(96, 1, 82.1),
	(114, 1, 82.1),
	(115, 1, 82.1),
	(31, 1, 82.3),
	(120, 1, 82.3),
	(34, 2, 82.4),
	(102, 1, 82.4),
	(130, 2, 82.4),
	(58, 1, 82.5),
	(39, 2, 82.7),
	(155, 1, 82.7),
	(45, 2, 82.8),
	(79, 1, 82.8),
	(149, 1, 82.8),
	(42, 2, 82.9),
	(73, 1, 82.9),
	(171, 2, 83),
	(188, 2, 83),
	(8, 1, 83.3),
	(80, 1, 83.4),
	(151, 1, 83.4),
	(62, 2, 83.6),
	(156, 1, 83.6),
	(78, 2, 83.7),
	(7, 2, 83.8),
	(9, 2, 83.8),
	(16, 2, 83.8),
	(114, 2, 83.8),
	(144, 1, 83.8),
	(115, 2, 83.9),
	(146, 2, 83.9),
	(102, 2, 84.1),
	(96, 2, 84.2),
	(31, 2, 84.3),
	(120, 2, 84.3),
	(73, 2, 84.4),
	(79, 2, 84.4),
	(155, 2, 84.4),
	(64, 2, 84.5),
	(82, 1, 84.5),
	(57, 2, 84.6),
	(97, 1, 84.7),
	(131, 2, 84.7),
	(8, 2, 85.3),
	(58, 2, 85.4),
	(80, 2, 85.4),
	(156, 2, 85.5),
	(144, 2, 85.8),
	(149, 2, 85.8),
	(151, 2, 86.1),
	(82, 2, 87.5),
	(97, 2, 87.6);
/*!40000 ALTER TABLE `life_exp` ENABLE KEYS */;

-- Dumping data for table lifetime.log: ~326 rows (приблизно)
/*!40000 ALTER TABLE `log` DISABLE KEYS */;
INSERT INTO `log` (`id`, `ip`, `url`, `method`, `date`) VALUES
	(1, '66.151.211.170', 'robots.txt', 'HEAD', '2020-03-13 11:31:15'),
	(2, '193.202.44.194', 'robots.txt', 'HEAD', '2020-03-13 15:33:58'),
	(3, '162.243.132.152', 'portal/redlion', 'GET', '2020-03-13 17:52:02'),
	(4, '193.202.44.194', 'robots.txt', 'HEAD', '2020-03-13 22:11:30'),
	(5, '5.101.0.209', 'index.php', 'GET', '2020-03-13 22:20:09'),
	(6, '80.82.77.33', 'robots.txt', 'GET', '2020-03-14 00:40:53'),
	(7, '80.82.77.33', 'sitemap.xml', 'GET', '2020-03-14 00:40:53'),
	(8, '80.82.77.33', '.well-known/security.txt', 'GET', '2020-03-14 00:40:53'),
	(9, '80.82.77.33', 'favicon.ico', 'GET', '2020-03-14 00:40:53'),
	(10, '45.143.220.243', 'libs/js/iframe.js', 'GET', '2020-03-14 04:43:01'),
	(11, '162.243.132.168', 'hudson', 'GET', '2020-03-14 06:29:10'),
	(12, '118.163.190.19', 'phpmyadmin/index.php', 'GET', '2020-03-14 09:05:38'),
	(13, '118.163.190.19', 'phpMyadmin/index.php', 'GET', '2020-03-14 09:05:39'),
	(14, '118.163.190.19', 'phpMyAdmin/index.php', 'GET', '2020-03-14 09:05:40'),
	(15, '118.163.190.19', 'phpmyAdmin/index.php', 'GET', '2020-03-14 09:05:40'),
	(16, '118.163.190.19', 'mysql/index.php', 'GET', '2020-03-14 09:05:41'),
	(17, '118.163.190.19', 'database/index.php', 'GET', '2020-03-14 09:05:42'),
	(18, '118.163.190.19', 'phpmyadmin1/index.php', 'GET', '2020-03-14 09:05:42'),
	(19, '118.163.190.19', 'phpmyadmin2/index.php', 'GET', '2020-03-14 09:05:43'),
	(20, '118.163.190.19', 'phpmyadmin3/index.php', 'GET', '2020-03-14 09:05:44'),
	(21, '118.163.190.19', 'phpmyadmin4/index.php', 'GET', '2020-03-14 09:05:44'),
	(22, '118.163.190.19', 'mysql/admin/index.php', 'GET', '2020-03-14 09:05:45'),
	(23, '118.163.190.19', 'mysql/dbadmin/index.php', 'GET', '2020-03-14 09:05:46'),
	(24, '118.163.190.19', 'mysql/sqlmanager/index.php', 'GET', '2020-03-14 09:05:46'),
	(25, '118.163.190.19', 'mysql/mysqlmanager/index.php', 'GET', '2020-03-14 09:05:47'),
	(26, '118.163.190.19', '2phpmyadmin/index.php', 'GET', '2020-03-14 09:05:48'),
	(27, '118.163.190.19', 'wp-content/plugins/portable-phpmyadmin/wp-pma-mod/index.php', 'GET', '2020-03-14 09:05:48'),
	(28, '118.163.190.19', 'phpmy/index.php', 'GET', '2020-03-14 09:05:49'),
	(29, '118.163.190.19', 'phppma/index.php', 'GET', '2020-03-14 09:05:49'),
	(30, '118.163.190.19', 'myadmin/index.php', 'GET', '2020-03-14 09:05:50'),
	(31, '118.163.190.19', 'shopdb/index.php', 'GET', '2020-03-14 09:05:51'),
	(32, '118.163.190.19', 'MyAdmin/index.php', 'GET', '2020-03-14 09:05:51'),
	(33, '118.163.190.19', 'program/index.php', 'GET', '2020-03-14 09:05:52'),
	(34, '118.163.190.19', 'PMA/index.php', 'GET', '2020-03-14 09:05:53'),
	(35, '118.163.190.19', 'dbadmin/index.php', 'GET', '2020-03-14 09:05:53'),
	(36, '118.163.190.19', 'pma/index.php', 'GET', '2020-03-14 09:05:54'),
	(37, '118.163.190.19', 'db/index.php', 'GET', '2020-03-14 09:05:55'),
	(38, '118.163.190.19', 'admin/index.php', 'GET', '2020-03-14 09:05:55'),
	(39, '118.163.190.19', 'db/phpmyadmin/index.php', 'GET', '2020-03-14 09:05:56'),
	(40, '118.163.190.19', 'db/phpMyAdmin/index.php', 'GET', '2020-03-14 09:05:57'),
	(41, '118.163.190.19', 'sqlmanager/index.php', 'GET', '2020-03-14 09:05:57'),
	(42, '118.163.190.19', 'mysqlmanager/index.php', 'GET', '2020-03-14 09:05:58'),
	(43, '118.163.190.19', 'php-myadmin/index.php', 'GET', '2020-03-14 09:05:58'),
	(44, '118.163.190.19', 'phpmy-admin/index.php', 'GET', '2020-03-14 09:05:59'),
	(45, '118.163.190.19', 'mysqladmin/index.php', 'GET', '2020-03-14 09:06:00'),
	(46, '118.163.190.19', 'mysql-admin/index.php', 'GET', '2020-03-14 09:06:00'),
	(47, '118.163.190.19', 'admin/phpmyadmin/index.php', 'GET', '2020-03-14 09:06:01'),
	(48, '118.163.190.19', 'admin/phpMyAdmin/index.php', 'GET', '2020-03-14 09:06:02'),
	(49, '118.163.190.19', 'admin/sysadmin/index.php', 'GET', '2020-03-14 09:06:02'),
	(50, '118.163.190.19', 'admin/sqladmin/index.php', 'GET', '2020-03-14 09:06:03'),
	(51, '118.163.190.19', 'admin/db/index.php', 'GET', '2020-03-14 09:06:04'),
	(52, '118.163.190.19', 'admin/web/index.php', 'GET', '2020-03-14 09:06:04'),
	(53, '118.163.190.19', 'admin/pMA/index.php', 'GET', '2020-03-14 09:06:05'),
	(54, '118.163.190.19', 'mysql/pma/index.php', 'GET', '2020-03-14 09:06:05'),
	(55, '118.163.190.19', 'mysql/db/index.php', 'GET', '2020-03-14 09:06:06'),
	(56, '118.163.190.19', 'mysql/web/index.php', 'GET', '2020-03-14 09:06:07'),
	(57, '118.163.190.19', 'mysql/pMA/index.php', 'GET', '2020-03-14 09:06:07'),
	(58, '118.163.190.19', 'sql/phpmanager/index.php', 'GET', '2020-03-14 09:06:08'),
	(59, '118.163.190.19', 'sql/php-myadmin/index.php', 'GET', '2020-03-14 09:06:09'),
	(60, '118.163.190.19', 'sql/phpmy-admin/index.php', 'GET', '2020-03-14 09:06:09'),
	(61, '118.163.190.19', 'sql/sql/index.php', 'GET', '2020-03-14 09:06:10'),
	(62, '118.163.190.19', 'sql/myadmin/index.php', 'GET', '2020-03-14 09:06:11'),
	(63, '118.163.190.19', 'sql/webadmin/index.php', 'GET', '2020-03-14 09:06:11'),
	(64, '118.163.190.19', 'sql/sqlweb/index.php', 'GET', '2020-03-14 09:06:12'),
	(65, '118.163.190.19', 'sql/websql/index.php', 'GET', '2020-03-14 09:06:12'),
	(66, '118.163.190.19', 'sql/webdb/index.php', 'GET', '2020-03-14 09:06:13'),
	(67, '118.163.190.19', 'sql/sqladmin/index.php', 'GET', '2020-03-14 09:06:14'),
	(68, '118.163.190.19', 'sql/sql-admin/index.php', 'GET', '2020-03-14 09:06:14'),
	(69, '118.163.190.19', 'sql/phpmyadmin2/index.php', 'GET', '2020-03-14 09:06:15'),
	(70, '118.163.190.19', 'sql/phpMyAdmin2/index.php', 'GET', '2020-03-14 09:06:16'),
	(71, '118.163.190.19', 'sql/phpMyAdmin/index.php', 'GET', '2020-03-14 09:06:16'),
	(72, '118.163.190.19', 'db/myadmin/index.php', 'GET', '2020-03-14 09:06:17'),
	(73, '118.163.190.19', 'db/webadmin/index.php', 'GET', '2020-03-14 09:06:18'),
	(74, '118.163.190.19', 'db/dbweb/index.php', 'GET', '2020-03-14 09:06:18'),
	(75, '118.163.190.19', 'db/websql/index.php', 'GET', '2020-03-14 09:06:19'),
	(76, '118.163.190.19', 'db/webdb/index.php', 'GET', '2020-03-14 09:06:19'),
	(77, '118.163.190.19', 'db/dbadmin/index.php', 'GET', '2020-03-14 09:06:20'),
	(78, '118.163.190.19', 'db/db-admin/index.php', 'GET', '2020-03-14 09:06:21'),
	(79, '118.163.190.19', 'db/phpmyadmin3/index.php', 'GET', '2020-03-14 09:06:21'),
	(80, '118.163.190.19', 'db/phpMyAdmin3/index.php', 'GET', '2020-03-14 09:06:22'),
	(81, '118.163.190.19', 'db/phpMyAdmin-3/index.php', 'GET', '2020-03-14 09:06:23'),
	(82, '118.163.190.19', 'administrator/phpmyadmin/index.php', 'GET', '2020-03-14 09:06:23'),
	(83, '118.163.190.19', 'administrator/phpMyAdmin/index.php', 'GET', '2020-03-14 09:06:24'),
	(84, '118.163.190.19', 'administrator/db/index.php', 'GET', '2020-03-14 09:06:25'),
	(85, '118.163.190.19', 'administrator/web/index.php', 'GET', '2020-03-14 09:06:25'),
	(86, '118.163.190.19', 'administrator/pma/index.php', 'GET', '2020-03-14 09:06:26'),
	(87, '118.163.190.19', 'administrator/PMA/index.php', 'GET', '2020-03-14 09:06:26'),
	(88, '118.163.190.19', 'administrator/admin/index.php', 'GET', '2020-03-14 09:06:27'),
	(89, '118.163.190.19', 'phpMyAdmin2/index.php', 'GET', '2020-03-14 09:06:28'),
	(90, '118.163.190.19', 'phpMyAdmin3/index.php', 'GET', '2020-03-14 09:06:28'),
	(91, '118.163.190.19', 'phpMyAdmin4/index.php', 'GET', '2020-03-14 09:06:29'),
	(92, '118.163.190.19', 'phpMyAdmin-3/index.php', 'GET', '2020-03-14 09:06:30'),
	(93, '118.163.190.19', 'php-my-admin/index.php', 'GET', '2020-03-14 09:06:30'),
	(94, '118.163.190.19', 'PMA2011/index.php', 'GET', '2020-03-14 09:06:31'),
	(95, '118.163.190.19', 'PMA2012/index.php', 'GET', '2020-03-14 09:06:32'),
	(96, '118.163.190.19', 'PMA2013/index.php', 'GET', '2020-03-14 09:06:32'),
	(97, '118.163.190.19', 'PMA2014/index.php', 'GET', '2020-03-14 09:06:33'),
	(98, '118.163.190.19', 'PMA2015/index.php', 'GET', '2020-03-14 09:06:34'),
	(99, '118.163.190.19', 'PMA2016/index.php', 'GET', '2020-03-14 09:06:34'),
	(100, '118.163.190.19', 'PMA2017/index.php', 'GET', '2020-03-14 09:06:35'),
	(101, '118.163.190.19', 'PMA2018/index.php', 'GET', '2020-03-14 09:06:35'),
	(102, '118.163.190.19', 'PMA2019/index.php', 'GET', '2020-03-14 09:06:36'),
	(103, '118.163.190.19', 'PMA2020/index.php', 'GET', '2020-03-14 09:06:37'),
	(104, '118.163.190.19', 'pma2011/index.php', 'GET', '2020-03-14 09:06:37'),
	(105, '118.163.190.19', 'pma2012/index.php', 'GET', '2020-03-14 09:06:38'),
	(106, '118.163.190.19', 'pma2013/index.php', 'GET', '2020-03-14 09:06:39'),
	(107, '118.163.190.19', 'pma2014/index.php', 'GET', '2020-03-14 09:06:39'),
	(108, '118.163.190.19', 'pma2015/index.php', 'GET', '2020-03-14 09:06:40'),
	(109, '118.163.190.19', 'pma2016/index.php', 'GET', '2020-03-14 09:06:41'),
	(110, '118.163.190.19', 'pma2017/index.php', 'GET', '2020-03-14 09:06:41'),
	(111, '118.163.190.19', 'pma2018/index.php', 'GET', '2020-03-14 09:06:42'),
	(112, '118.163.190.19', 'pma2019/index.php', 'GET', '2020-03-14 09:06:42'),
	(113, '118.163.190.19', 'pma2020/index.php', 'GET', '2020-03-14 09:06:43'),
	(114, '118.163.190.19', 'phpmyadmin2011/index.php', 'GET', '2020-03-14 09:06:44'),
	(115, '118.163.190.19', 'phpmyadmin2012/index.php', 'GET', '2020-03-14 09:06:44'),
	(116, '118.163.190.19', 'phpmyadmin2013/index.php', 'GET', '2020-03-14 09:06:45'),
	(117, '118.163.190.19', 'phpmyadmin2014/index.php', 'GET', '2020-03-14 09:06:46'),
	(118, '118.163.190.19', 'phpmyadmin2015/index.php', 'GET', '2020-03-14 09:06:46'),
	(119, '118.163.190.19', 'phpmyadmin2016/index.php', 'GET', '2020-03-14 09:06:47'),
	(120, '118.163.190.19', 'phpmyadmin2017/index.php', 'GET', '2020-03-14 09:06:47'),
	(121, '118.163.190.19', 'phpmyadmin2018/index.php', 'GET', '2020-03-14 09:06:48'),
	(122, '118.163.190.19', 'phpmyadmin2019/index.php', 'GET', '2020-03-14 09:06:49'),
	(123, '118.163.190.19', 'phpmyadmin2020/index.php', 'GET', '2020-03-14 09:06:49'),
	(124, '118.163.190.19', 'index.php', 'GET', '2020-03-14 09:06:50'),
	(125, '66.151.211.170', 'robots.txt', 'HEAD', '2020-03-14 10:14:46'),
	(126, '211.224.128.181', 'TP/public/index.php', 'GET', '2020-03-14 14:00:36'),
	(127, '211.224.128.181', 'TP/index.php', 'GET', '2020-03-14 14:00:37'),
	(128, '211.224.128.181', 'thinkphp/html/public/index.php', 'GET', '2020-03-14 14:00:37'),
	(129, '211.224.128.181', 'html/public/index.php', 'GET', '2020-03-14 14:00:38'),
	(130, '211.224.128.181', 'public/index.php', 'GET', '2020-03-14 14:00:39'),
	(131, '211.224.128.181', 'TP/html/public/index.php', 'GET', '2020-03-14 14:00:39'),
	(132, '211.224.128.181', 'elrekt.php', 'GET', '2020-03-14 14:00:40'),
	(133, '211.224.128.181', 'index.php', 'GET', '2020-03-14 14:00:41'),
	(134, '128.14.134.134', 'solr/', 'GET', '2020-03-14 14:28:10'),
	(135, '193.202.44.194', 'robots.txt', 'HEAD', '2020-03-14 16:55:45'),
	(136, '162.243.128.84', 'portal/redlion', 'GET', '2020-03-14 19:39:25'),
	(137, '193.202.44.194', 'robots.txt', 'HEAD', '2020-03-14 20:23:17'),
	(138, '193.202.44.194', 'robots.txt', 'HEAD', '2020-03-14 23:13:01'),
	(139, '5.101.0.209', 'solr/admin/info/system', 'GET', '2020-03-15 00:56:01'),
	(140, '5.101.0.209', 'index.php', 'GET', '2020-03-15 01:08:19'),
	(141, '162.243.130.146', 'hudson', 'GET', '2020-03-15 14:03:32'),
	(142, '193.202.44.194', 'robots.txt', 'HEAD', '2020-03-15 15:04:06'),
	(143, '193.202.44.194', 'robots.txt', 'HEAD', '2020-03-15 17:33:04'),
	(144, '193.202.44.194', 'robots.txt', 'HEAD', '2020-03-15 20:07:26'),
	(147, '116.252.0.51', 'english/', 'GET', '2020-03-15 22:32:32'),
	(148, '192.241.238.118', 'portal/redlion', 'GET', '2020-03-15 22:53:44'),
	(149, '162.243.133.39', 'manager/text/list', 'GET', '2020-03-16 06:40:46'),
	(150, '5.101.0.209', 'solr/admin/info/system', 'GET', '2020-03-16 06:57:43'),
	(151, '223.197.238.13', 'phpmyadmin/index.php', 'GET', '2020-03-16 11:09:47'),
	(152, '223.197.238.13', 'phpMyadmin/index.php', 'GET', '2020-03-16 11:09:47'),
	(153, '223.197.238.13', 'phpMyAdmin/index.php', 'GET', '2020-03-16 11:09:48'),
	(154, '223.197.238.13', 'phpmyAdmin/index.php', 'GET', '2020-03-16 11:09:48'),
	(155, '223.197.238.13', 'mysql/index.php', 'GET', '2020-03-16 11:09:48'),
	(156, '223.197.238.13', 'database/index.php', 'GET', '2020-03-16 11:09:49'),
	(157, '223.197.238.13', 'phpmyadmin1/index.php', 'GET', '2020-03-16 11:09:49'),
	(158, '223.197.238.13', 'phpmyadmin2/index.php', 'GET', '2020-03-16 11:09:50'),
	(159, '223.197.238.13', 'phpmyadmin3/index.php', 'GET', '2020-03-16 11:09:50'),
	(160, '223.197.238.13', 'phpmyadmin4/index.php', 'GET', '2020-03-16 11:09:51'),
	(161, '223.197.238.13', 'mysql/admin/index.php', 'GET', '2020-03-16 11:09:51'),
	(162, '223.197.238.13', 'mysql/dbadmin/index.php', 'GET', '2020-03-16 11:09:52'),
	(163, '223.197.238.13', 'mysql/sqlmanager/index.php', 'GET', '2020-03-16 11:09:52'),
	(164, '223.197.238.13', 'mysql/mysqlmanager/index.php', 'GET', '2020-03-16 11:09:53'),
	(165, '223.197.238.13', '2phpmyadmin/index.php', 'GET', '2020-03-16 11:09:53'),
	(166, '223.197.238.13', 'wp-content/plugins/portable-phpmyadmin/wp-pma-mod/index.php', 'GET', '2020-03-16 11:09:54'),
	(167, '223.197.238.13', 'phpmy/index.php', 'GET', '2020-03-16 11:09:54'),
	(168, '223.197.238.13', 'phppma/index.php', 'GET', '2020-03-16 11:09:55'),
	(169, '223.197.238.13', 'myadmin/index.php', 'GET', '2020-03-16 11:09:55'),
	(170, '223.197.238.13', 'shopdb/index.php', 'GET', '2020-03-16 11:09:55'),
	(171, '223.197.238.13', 'MyAdmin/index.php', 'GET', '2020-03-16 11:09:56'),
	(172, '223.197.238.13', 'program/index.php', 'GET', '2020-03-16 11:09:56'),
	(173, '223.197.238.13', 'PMA/index.php', 'GET', '2020-03-16 11:09:57'),
	(174, '223.197.238.13', 'dbadmin/index.php', 'GET', '2020-03-16 11:09:57'),
	(175, '223.197.238.13', 'pma/index.php', 'GET', '2020-03-16 11:09:58'),
	(176, '223.197.238.13', 'db/index.php', 'GET', '2020-03-16 11:09:58'),
	(177, '223.197.238.13', 'admin/index.php', 'GET', '2020-03-16 11:09:59'),
	(178, '223.197.238.13', 'db/phpmyadmin/index.php', 'GET', '2020-03-16 11:09:59'),
	(179, '223.197.238.13', 'db/phpMyAdmin/index.php', 'GET', '2020-03-16 11:10:00'),
	(180, '223.197.238.13', 'sqlmanager/index.php', 'GET', '2020-03-16 11:10:00'),
	(181, '223.197.238.13', 'mysqlmanager/index.php', 'GET', '2020-03-16 11:10:01'),
	(182, '223.197.238.13', 'php-myadmin/index.php', 'GET', '2020-03-16 11:10:01'),
	(183, '223.197.238.13', 'phpmy-admin/index.php', 'GET', '2020-03-16 11:10:02'),
	(184, '223.197.238.13', 'mysqladmin/index.php', 'GET', '2020-03-16 11:10:02'),
	(185, '223.197.238.13', 'mysql-admin/index.php', 'GET', '2020-03-16 11:10:03'),
	(186, '223.197.238.13', 'admin/phpmyadmin/index.php', 'GET', '2020-03-16 11:10:03'),
	(187, '223.197.238.13', 'admin/phpMyAdmin/index.php', 'GET', '2020-03-16 11:10:04'),
	(188, '223.197.238.13', 'admin/sysadmin/index.php', 'GET', '2020-03-16 11:10:04'),
	(189, '223.197.238.13', 'admin/sqladmin/index.php', 'GET', '2020-03-16 11:10:05'),
	(190, '223.197.238.13', 'admin/db/index.php', 'GET', '2020-03-16 11:10:05'),
	(191, '223.197.238.13', 'admin/web/index.php', 'GET', '2020-03-16 11:10:05'),
	(192, '223.197.238.13', 'admin/pMA/index.php', 'GET', '2020-03-16 11:10:06'),
	(193, '223.197.238.13', 'mysql/pma/index.php', 'GET', '2020-03-16 11:10:06'),
	(194, '223.197.238.13', 'mysql/db/index.php', 'GET', '2020-03-16 11:10:07'),
	(195, '223.197.238.13', 'mysql/web/index.php', 'GET', '2020-03-16 11:10:07'),
	(196, '223.197.238.13', 'mysql/pMA/index.php', 'GET', '2020-03-16 11:10:08'),
	(197, '223.197.238.13', 'sql/phpmanager/index.php', 'GET', '2020-03-16 11:10:08'),
	(198, '223.197.238.13', 'sql/php-myadmin/index.php', 'GET', '2020-03-16 11:10:09'),
	(199, '223.197.238.13', 'sql/phpmy-admin/index.php', 'GET', '2020-03-16 11:10:09'),
	(200, '223.197.238.13', 'sql/sql/index.php', 'GET', '2020-03-16 11:10:10'),
	(201, '223.197.238.13', 'sql/myadmin/index.php', 'GET', '2020-03-16 11:10:10'),
	(202, '223.197.238.13', 'sql/webadmin/index.php', 'GET', '2020-03-16 11:10:11'),
	(203, '223.197.238.13', 'sql/sqlweb/index.php', 'GET', '2020-03-16 11:10:11'),
	(204, '223.197.238.13', 'sql/websql/index.php', 'GET', '2020-03-16 11:10:11'),
	(205, '223.197.238.13', 'sql/webdb/index.php', 'GET', '2020-03-16 11:10:12'),
	(206, '223.197.238.13', 'sql/sqladmin/index.php', 'GET', '2020-03-16 11:10:12'),
	(207, '223.197.238.13', 'sql/sql-admin/index.php', 'GET', '2020-03-16 11:10:13'),
	(208, '223.197.238.13', 'sql/phpmyadmin2/index.php', 'GET', '2020-03-16 11:10:13'),
	(209, '223.197.238.13', 'sql/phpMyAdmin2/index.php', 'GET', '2020-03-16 11:10:14'),
	(210, '223.197.238.13', 'sql/phpMyAdmin/index.php', 'GET', '2020-03-16 11:10:14'),
	(211, '223.197.238.13', 'db/myadmin/index.php', 'GET', '2020-03-16 11:10:15'),
	(212, '223.197.238.13', 'db/webadmin/index.php', 'GET', '2020-03-16 11:10:15'),
	(213, '223.197.238.13', 'db/dbweb/index.php', 'GET', '2020-03-16 11:10:16'),
	(214, '223.197.238.13', 'db/websql/index.php', 'GET', '2020-03-16 11:10:16'),
	(215, '223.197.238.13', 'db/webdb/index.php', 'GET', '2020-03-16 11:10:16'),
	(216, '223.197.238.13', 'db/dbadmin/index.php', 'GET', '2020-03-16 11:10:17'),
	(217, '223.197.238.13', 'db/db-admin/index.php', 'GET', '2020-03-16 11:10:17'),
	(218, '223.197.238.13', 'db/phpmyadmin3/index.php', 'GET', '2020-03-16 11:10:18'),
	(219, '223.197.238.13', 'db/phpMyAdmin3/index.php', 'GET', '2020-03-16 11:10:18'),
	(220, '223.197.238.13', 'db/phpMyAdmin-3/index.php', 'GET', '2020-03-16 11:10:19'),
	(221, '223.197.238.13', 'administrator/phpmyadmin/index.php', 'GET', '2020-03-16 11:10:19'),
	(222, '223.197.238.13', 'administrator/phpMyAdmin/index.php', 'GET', '2020-03-16 11:10:20'),
	(223, '223.197.238.13', 'administrator/db/index.php', 'GET', '2020-03-16 11:10:20'),
	(224, '223.197.238.13', 'administrator/web/index.php', 'GET', '2020-03-16 11:10:21'),
	(225, '223.197.238.13', 'administrator/pma/index.php', 'GET', '2020-03-16 11:10:21'),
	(226, '223.197.238.13', 'administrator/PMA/index.php', 'GET', '2020-03-16 11:10:21'),
	(227, '223.197.238.13', 'administrator/admin/index.php', 'GET', '2020-03-16 11:10:22'),
	(228, '223.197.238.13', 'phpMyAdmin2/index.php', 'GET', '2020-03-16 11:10:22'),
	(229, '223.197.238.13', 'phpMyAdmin3/index.php', 'GET', '2020-03-16 11:10:23'),
	(230, '223.197.238.13', 'phpMyAdmin4/index.php', 'GET', '2020-03-16 11:10:23'),
	(231, '223.197.238.13', 'phpMyAdmin-3/index.php', 'GET', '2020-03-16 11:10:24'),
	(232, '223.197.238.13', 'php-my-admin/index.php', 'GET', '2020-03-16 11:10:24'),
	(233, '223.197.238.13', 'PMA2011/index.php', 'GET', '2020-03-16 11:10:25'),
	(234, '223.197.238.13', 'PMA2012/index.php', 'GET', '2020-03-16 11:10:25'),
	(235, '223.197.238.13', 'PMA2013/index.php', 'GET', '2020-03-16 11:10:26'),
	(236, '223.197.238.13', 'PMA2014/index.php', 'GET', '2020-03-16 11:10:26'),
	(237, '223.197.238.13', 'PMA2015/index.php', 'GET', '2020-03-16 11:10:26'),
	(238, '223.197.238.13', 'PMA2016/index.php', 'GET', '2020-03-16 11:10:27'),
	(239, '223.197.238.13', 'PMA2017/index.php', 'GET', '2020-03-16 11:10:27'),
	(240, '223.197.238.13', 'PMA2018/index.php', 'GET', '2020-03-16 11:10:28'),
	(241, '223.197.238.13', 'PMA2019/index.php', 'GET', '2020-03-16 11:10:28'),
	(242, '223.197.238.13', 'PMA2020/index.php', 'GET', '2020-03-16 11:10:29'),
	(243, '223.197.238.13', 'pma2011/index.php', 'GET', '2020-03-16 11:10:29'),
	(244, '223.197.238.13', 'pma2012/index.php', 'GET', '2020-03-16 11:10:30'),
	(245, '223.197.238.13', 'pma2013/index.php', 'GET', '2020-03-16 11:10:30'),
	(246, '223.197.238.13', 'pma2014/index.php', 'GET', '2020-03-16 11:10:31'),
	(247, '223.197.238.13', 'pma2015/index.php', 'GET', '2020-03-16 11:10:31'),
	(248, '223.197.238.13', 'pma2016/index.php', 'GET', '2020-03-16 11:10:31'),
	(249, '223.197.238.13', 'pma2017/index.php', 'GET', '2020-03-16 11:10:32'),
	(250, '223.197.238.13', 'pma2018/index.php', 'GET', '2020-03-16 11:10:32'),
	(251, '223.197.238.13', 'pma2019/index.php', 'GET', '2020-03-16 11:10:33'),
	(252, '223.197.238.13', 'pma2020/index.php', 'GET', '2020-03-16 11:10:33'),
	(253, '223.197.238.13', 'phpmyadmin2011/index.php', 'GET', '2020-03-16 11:10:34'),
	(254, '223.197.238.13', 'phpmyadmin2012/index.php', 'GET', '2020-03-16 11:10:34'),
	(255, '223.197.238.13', 'phpmyadmin2013/index.php', 'GET', '2020-03-16 11:10:35'),
	(256, '223.197.238.13', 'phpmyadmin2014/index.php', 'GET', '2020-03-16 11:10:35'),
	(257, '223.197.238.13', 'phpmyadmin2015/index.php', 'GET', '2020-03-16 11:10:35'),
	(258, '223.197.238.13', 'phpmyadmin2016/index.php', 'GET', '2020-03-16 11:10:36'),
	(259, '223.197.238.13', 'phpmyadmin2017/index.php', 'GET', '2020-03-16 11:10:36'),
	(260, '223.197.238.13', 'phpmyadmin2018/index.php', 'GET', '2020-03-16 11:10:37'),
	(261, '223.197.238.13', 'phpmyadmin2019/index.php', 'GET', '2020-03-16 11:10:37'),
	(262, '223.197.238.13', 'phpmyadmin2020/index.php', 'GET', '2020-03-16 11:10:38'),
	(263, '164.52.29.174', 'manager/html', 'GET', '2020-03-16 12:00:28'),
	(264, '162.243.129.57', 'manager/html', 'GET', '2020-03-16 20:46:20'),
	(265, '111.224.220.53', 'english/', 'GET', '2020-03-16 22:15:04'),
	(266, '162.243.131.67', 'portal/redlion', 'GET', '2020-03-16 22:58:12'),
	(267, '89.248.172.16', '.well-known/security.txt', 'GET', '2020-03-17 04:35:13'),
	(268, '5.101.0.209', 'solr/admin/info/system', 'GET', '2020-03-17 07:29:59'),
	(269, '162.243.130.176', 'portal/redlion', 'GET', '2020-03-18 05:54:36'),
	(270, '5.101.0.209', 'solr/admin/info/system', 'GET', '2020-03-18 09:32:33'),
	(271, '71.6.167.142', '.well-known/security.txt', 'GET', '2020-03-18 15:36:49'),
	(272, '139.9.45.68', 'TP/public/index.php', 'GET', '2020-03-18 15:55:11'),
	(273, '139.9.45.68', 'TP/index.php', 'GET', '2020-03-18 15:55:12'),
	(274, '139.9.45.68', 'thinkphp/html/public/index.php', 'GET', '2020-03-18 15:55:12'),
	(275, '139.9.45.68', 'html/public/index.php', 'GET', '2020-03-18 15:55:13'),
	(276, '139.9.45.68', 'public/index.php', 'GET', '2020-03-18 15:55:14'),
	(277, '139.9.45.68', 'TP/html/public/index.php', 'GET', '2020-03-18 15:55:15'),
	(278, '5.101.0.209', 'solr/admin/info/system', 'GET', '2020-03-19 18:44:18'),
	(279, '87.245.124.238', 'phpmyadmin/', 'GET', '2020-03-19 21:35:56'),
	(280, '122.116.33.54', 'phpmyadmin/', 'GET', '2020-03-19 23:05:39'),
	(281, '119.148.160.228', 'webdav/', 'GET', '2020-03-20 02:55:50'),
	(282, '119.148.160.228', 'phpmyadmin/scripts/setup.php', 'GET', '2020-03-20 02:56:21'),
	(283, '119.148.160.228', 'phpMyAdmin/scripts/setup.php', 'GET', '2020-03-20 02:56:22'),
	(284, '119.148.160.228', 'phpmyadmin/scripts/db___.init.php', 'GET', '2020-03-20 02:56:26'),
	(285, '119.148.160.228', 'phpMyAdmin/scripts/db___.init.php', 'GET', '2020-03-20 02:56:26'),
	(286, '119.148.160.228', 'pma/scripts/setup.php', 'GET', '2020-03-20 02:56:27'),
	(287, '119.148.160.228', 'PMA/scripts/setup.php', 'GET', '2020-03-20 02:56:28'),
	(288, '119.148.160.228', 'myadmin/scripts/setup.php', 'GET', '2020-03-20 02:56:28'),
	(289, '119.148.160.228', 'MyAdmin/scripts/setup.php', 'GET', '2020-03-20 02:56:29'),
	(290, '119.148.160.228', 'pma/scripts/db___.init.php', 'GET', '2020-03-20 02:56:30'),
	(291, '119.148.160.228', 'PMA/scripts/db___.init.php', 'GET', '2020-03-20 02:56:30'),
	(292, '119.148.160.228', 'myadmin/scripts/db___.init.php', 'GET', '2020-03-20 02:56:30'),
	(293, '119.148.160.228', 'MyAdmin/scripts/db___.init.php', 'GET', '2020-03-20 02:56:32'),
	(294, '119.148.160.228', 'plugins/weathermap/editor.php', 'GET', '2020-03-20 02:56:33'),
	(295, '119.148.160.228', 'cacti/plugins/weathermap/editor.php', 'GET', '2020-03-20 02:56:33'),
	(296, '119.148.160.228', 'App/', 'GET', '2020-03-20 02:56:36'),
	(297, '119.148.160.228', 'index.php/module/action/param1/${@die(md5(HelloThinkPHP))}', 'GET', '2020-03-20 02:56:36'),
	(298, '119.148.160.228', 'joomla/', 'GET', '2020-03-20 02:56:40'),
	(299, '119.148.160.228', 'Joomla/', 'GET', '2020-03-20 02:56:41'),
	(300, '119.148.160.228', 'images/stories/cmd.php', 'GET', '2020-03-20 02:56:59'),
	(301, '119.148.160.228', 'images/stories/filemga.php', 'GET', '2020-03-20 02:57:01'),
	(302, '119.148.160.228', 'solr/', 'GET', '2020-03-20 03:08:35'),
	(303, '119.148.160.228', 'web/phpMyAdmin/index.php', 'GET', '2020-03-20 03:08:52'),
	(304, '119.148.160.228', 'admin/pma/index.php', 'GET', '2020-03-20 03:08:52'),
	(305, '119.148.160.228', 'admin/PMA/index.php', 'GET', '2020-03-20 03:08:53'),
	(306, '119.148.160.228', 'admin/mysql/index.php', 'GET', '2020-03-20 03:08:53'),
	(307, '119.148.160.228', 'admin/mysql2/index.php', 'GET', '2020-03-20 03:08:54'),
	(308, '119.148.160.228', 'admin/phpmyadmin/index.php', 'GET', '2020-03-20 03:08:55'),
	(309, '119.148.160.228', 'admin/phpMyAdmin/index.php', 'GET', '2020-03-20 03:08:56'),
	(310, '119.148.160.228', 'admin/phpmyadmin2/index.php', 'GET', '2020-03-20 03:08:58'),
	(311, '119.148.160.228', 'xampp/phpmyadmin/index.php', 'GET', '2020-03-20 03:09:10'),
	(312, '119.148.160.228', 'www/phpMyAdmin/index.php', 'GET', '2020-03-20 03:09:11'),
	(313, '119.148.160.228', 'tools/phpMyAdmin/index.php', 'GET', '2020-03-20 03:09:12'),
	(314, '119.148.160.228', 'claroline/phpMyAdmin/index.php', 'GET', '2020-03-20 03:09:14'),
	(315, '119.148.160.228', 'typo3/phpmyadmin/index.php', 'GET', '2020-03-20 03:09:15'),
	(316, '119.148.160.228', 'phpmyadmin/phpmyadmin/index.php', 'GET', '2020-03-20 03:09:16'),
	(317, '119.148.160.228', 'phpMyAdmin/phpMyAdmin/index.php', 'GET', '2020-03-20 03:09:17'),
	(318, '119.148.160.228', 'WWW/phpMyAdmin/index.php', 'GET', '2020-03-20 03:09:42'),
	(319, '119.148.160.228', 'mysql/admin/index.php', 'GET', '2020-03-20 03:09:49'),
	(320, '119.148.160.228', 'mysql/dbadmin/index.php', 'GET', '2020-03-20 03:09:50'),
	(321, '119.148.160.228', 'mysql/sqlmanager/index.php', 'GET', '2020-03-20 03:09:50'),
	(322, '119.148.160.228', 'mysql/mysqlmanager/index.php', 'GET', '2020-03-20 03:09:51'),
	(323, '119.148.160.228', 'wp-content/plugins/portable-phpmyadmin/wp-pma-mod/index.php', 'GET', '2020-03-20 03:09:53'),
	(324, '121.40.234.114', 'TP/public/index.php', 'GET', '2020-03-20 05:20:34'),
	(325, '193.57.40.38', 'solr/admin/info/system', 'GET', '2020-03-20 06:26:01'),
	(326, '61.150.43.40', 'TP/public/index.php', 'GET', '2020-03-20 09:33:14'),
	(328, '193.57.40.38', 'solr/admin/info/system', 'GET', '2020-03-21 23:53:29'),
	(329, '79.129.147.181', 'phpmyadmin/', 'GET', '2020-03-22 10:03:57');
/*!40000 ALTER TABLE `log` ENABLE KEYS */;

-- Dumping data for table lifetime.translations: ~75 rows (приблизно)
/*!40000 ALTER TABLE `translations` DISABLE KEYS */;
INSERT INTO `translations` (`code`, `lang`, `translation`) VALUES
	('already lived', 'eng', 'already lived'),
	('already lived', 'rus', 'уже прожито'),
	('already lived', 'ukr', 'вже прожито'),
	('average life expectancy in', 'eng', 'average life expectancy in'),
	('average life expectancy in', 'rus', 'средняя продолжительность жизни в'),
	('average life expectancy in', 'ukr', 'середня тривалість життя в'),
	('countries', 'eng', 'countries'),
	('countries', 'rus', 'страны'),
	('countries', 'ukr', 'країни'),
	('country', 'eng', 'country'),
	('country', 'rus', 'страна'),
	('country', 'ukr', 'країна'),
	('date of birth', 'eng', 'date of birth'),
	('date of birth', 'rus', 'дата рождения'),
	('date of birth', 'ukr', 'дата народження'),
	('days', 'eng', 'days'),
	('days', 'rus', 'дней'),
	('days', 'ukr', 'днів'),
	('descriptioin_result', 'eng', 'Your results'),
	('descriptioin_result', 'rus', 'Ваши результаты'),
	('descriptioin_result', 'ukr', 'Ваші результати'),
	('description_home', 'eng', 'Find out how much you have left to live'),
	('description_home', 'rus', 'Узнать сколько осталось жить'),
	('description_home', 'ukr', 'Дізнатися скільки залишилося жити'),
	('estimated life expectancy', 'eng', 'estimated life expectancy'),
	('estimated life expectancy', 'rus', 'предполагаемая продолжительность жизни'),
	('estimated life expectancy', 'ukr', 'орієнтовна тривалість життя'),
	('expected date of death', 'eng', 'expected date of death'),
	('expected date of death', 'rus', 'ожидаемая дата смерти'),
	('expected date of death', 'ukr', 'очікувана дата смерті'),
	('h1_country', 'eng', 'average life expectancy'),
	('h1_country', 'rus', 'средняя продолжительность жизни'),
	('h1_country', 'ukr', 'середня тривалість життя'),
	('home_page', 'eng', 'home page'),
	('home_page', 'rus', 'домашняя страница'),
	('home_page', 'ukr', 'домашня сторінка'),
	('initial data', 'eng', 'initial data'),
	('initial data', 'rus', 'исходные данные'),
	('initial data', 'ukr', 'початкові дані'),
	('is', 'eng', 'is'),
	('is', 'rus', 'составляет'),
	('is', 'ukr', 'становить'),
	('left to live', 'eng', 'left to live'),
	('left to live', 'rus', 'осталось жить'),
	('left to live', 'ukr', 'залишилось жити'),
	('list of countries', 'eng', 'list of countries'),
	('list of countries', 'rus', 'список стран'),
	('list of countries', 'ukr', 'список країн'),
	('months', 'eng', 'months'),
	('months', 'rus', 'месяцев'),
	('months', 'ukr', 'місяців'),
	('page_title_result', 'eng', 'Your results'),
	('page_title_result', 'rus', 'Ваши результаты'),
	('page_title_result', 'ukr', 'Ваші результати'),
	('sex', 'eng', 'sex'),
	('sex', 'rus', 'пол'),
	('sex', 'ukr', 'стать'),
	('submit', 'eng', 'submit'),
	('submit', 'rus', 'отправить'),
	('submit', 'ukr', 'надіслати'),
	('title_home', 'eng', 'LifeTime - how long will you live'),
	('title_home', 'rus', 'LifeTime - сколько вам осталось жить'),
	('title_home', 'ukr', 'LifeTime - скільки вам залишилось жити'),
	('title_result', 'eng', 'LifeTime - result'),
	('title_result', 'rus', 'LifeTime - результаты'),
	('title_result', 'ukr', 'LifeTime - результати'),
	('today', 'eng', 'today'),
	('today', 'rus', 'сегодня'),
	('today', 'ukr', 'сьогодні'),
	('world and regions', 'eng', 'world and regions'),
	('world and regions', 'rus', 'мир и регионы'),
	('world and regions', 'ukr', 'світ і регіони'),
	('years', 'eng', 'years'),
	('years', 'rus', 'лет'),
	('years', 'ukr', 'років');
/*!40000 ALTER TABLE `translations` ENABLE KEYS */;

/*!40101 SET SQL_MODE=IFNULL(@OLD_SQL_MODE, '') */;
/*!40014 SET FOREIGN_KEY_CHECKS=IF(@OLD_FOREIGN_KEY_CHECKS IS NULL, 1, @OLD_FOREIGN_KEY_CHECKS) */;
/*!40101 SET CHARACTER_SET_CLIENT=@OLD_CHARACTER_SET_CLIENT */;
