-- --------------------------------------------------------
-- Сервер:                       lifetime.hutei.net
-- Версія сервера:               5.7.29 - MySQL Community Server (GPL)
-- ОС сервера:                   Linux
-- HeidiSQL Версія:              10.3.0.5771
-- --------------------------------------------------------

/*!40101 SET @OLD_CHARACTER_SET_CLIENT=@@CHARACTER_SET_CLIENT */;
/*!40101 SET NAMES utf8 */;
/*!50503 SET NAMES utf8mb4 */;
/*!40014 SET @OLD_FOREIGN_KEY_CHECKS=@@FOREIGN_KEY_CHECKS, FOREIGN_KEY_CHECKS=0 */;
/*!40101 SET @OLD_SQL_MODE=@@SQL_MODE, SQL_MODE='NO_AUTO_VALUE_ON_ZERO' */;

-- Dumping data for table lifetime.countries: ~180 rows (приблизно)
/*!40000 ALTER TABLE `countries` DISABLE KEYS */;
INSERT INTO `countries` (`id`, `name`, `overall`, `female`, `male`, `type`) VALUES
	(1, 'Afghanistan', 64.5, 66, 63, 'country'),
	(2, 'Algeria', 76.7, 77.9, 75.5, 'country'),
	(3, 'Angola', 60.8, 63.7, 58.1, 'country'),
	(4, 'Antigua and Barbuda', 76.9, 78, 75.7, 'country'),
	(5, 'Argentina', 76.5, 79.9, 73.1, 'country'),
	(6, 'Armenia', 74.9, 78.4, 71.2, 'country'),
	(7, 'Ascension Island', 81.5, 83.8, 79.1, 'country'),
	(8, 'Australia', 83.3, 85.3, 81.3, 'country'),
	(9, 'Austria', 81.4, 83.8, 79, 'country'),
	(10, 'Azerbaijan', 72.9, 75.3, 70.3, 'country'),
	(11, 'Bahamas', 73.8, 75.9, 71.5, 'country'),
	(12, 'Bahrain', 77.2, 78.3, 76.3, 'country'),
	(13, 'Bangladesh', 72.3, 74.3, 70.6, 'country'),
	(14, 'Barbados', 79.1, 80.4, 77.7, 'country'),
	(15, 'Belarus', 74.6, 79.4, 69.4, 'country'),
	(16, 'Belgium', 81.5, 83.8, 79.1, 'country'),
	(17, 'Belize', 74.5, 77.7, 71.6, 'country'),
	(18, 'Benin', 61.5, 63, 59.9, 'country'),
	(19, 'Bhutan', 71.5, 71.8, 71.1, 'country'),
	(20, 'Bolivia', 71.2, 74.2, 68.4, 'country'),
	(21, 'Bosnia and Herzegovina', 77.3, 79.7, 74.8, 'country'),
	(22, 'Botswana', 69.3, 72, 66.2, 'country'),
	(23, 'Brazil', 75.7, 79.4, 72, 'country'),
	(24, 'Brunei', 75.7, 77, 74.6, 'country'),
	(25, 'Bulgaria', 74.9, 78.5, 71.4, 'country'),
	(26, 'Burkina Faso', 61.2, 61.9, 60.4, 'country'),
	(27, 'Burundi', 61.2, 63, 59.4, 'country'),
	(28, 'Cabo Verde', 72.8, 76, 69.3, 'country'),
	(29, 'Cambodia', 69.6, 71.6, 67.3, 'country'),
	(30, 'Cameroon', 58.9, 60.2, 57.7, 'country'),
	(31, 'Canada', 82.3, 84.3, 80.3, 'country'),
	(32, 'Central African Republic', 52.8, 55, 50.6, 'country'),
	(33, 'Chad', 54, 55.4, 52.6, 'country'),
	(34, 'Chile', 80, 82.4, 77.6, 'country'),
	(35, 'Colombia', 77.1, 79.9, 74.3, 'country'),
	(36, 'Comoros', 64.1, 65.9, 62.4, 'country'),
	(37, 'Congo, Democratic Republic of the', 60.4, 61.9, 58.9, 'country'),
	(38, 'Congo, Republic of', 64.3, 65.7, 62.8, 'country'),
	(39, 'Costa Rica', 80.1, 82.7, 77.5, 'country'),
	(40, 'Croatia', 78.3, 81.5, 75.1, 'country'),
	(41, 'Cuba', 78.6, 80.6, 76.7, 'country'),
	(42, 'Cyprus', 80.8, 82.9, 78.7, 'country'),
	(43, 'Czech Republic', 79.2, 81.8, 76.6, 'country'),
	(44, 'Côte d\'Ivoire', 57.4, 58.7, 56.3, 'country'),
	(45, 'Denmark', 80.8, 82.8, 77.8, 'country'),
	(46, 'Djibouti', 66.6, 68.8, 64.6, 'country'),
	(47, 'Dominican Republic', 73.9, 77.2, 70.8, 'country'),
	(48, 'Ecuador', 76.8, 79.6, 74.1, 'country'),
	(49, 'Egypt', 71.8, 74.2, 69.6, 'country'),
	(50, 'El Salvador', 73.1, 77.6, 68.2, 'country'),
	(51, 'Equatorial Guinea', 58.4, 59.6, 57.4, 'country'),
	(52, 'Eritrea', 65.9, 68.2, 63.8, 'country'),
	(53, 'Eswatini', 59.4, 64, 55.3, 'country'),
	(54, 'Ethiopia', 66.2, 68.2, 64.4, 'country'),
	(55, 'Federated States of Micronesia', 67.8, 69.5, 66.1, 'country'),
	(56, 'Fiji', 67.3, 69.2, 65.6, 'country'),
	(57, 'Finland', 81.7, 84.6, 78.9, 'country'),
	(58, 'France', 82.5, 85.4, 79.6, 'country'),
	(59, 'Gabon', 66.2, 68.9, 64.2, 'country'),
	(60, 'Gambia', 61.7, 63.2, 60.4, 'country'),
	(61, 'Georgia', 73.6, 78, 69.2, 'country'),
	(62, 'Germany', 81.2, 83.6, 78.8, 'country'),
	(63, 'Ghana', 63.8, 64.9, 62.7, 'country'),
	(64, 'Greece', 82.1, 84.5, 79.6, 'country'),
	(65, 'Grenada', 72.4, 74.9, 70.1, 'country'),
	(66, 'Guatemala', 74.1, 76.9, 71.1, 'country'),
	(67, 'Guinea', 61.2, 61.7, 60.5, 'country'),
	(68, 'Guinea-Bissau', 58, 59.9, 56, 'country'),
	(69, 'Guyana', 69.8, 73, 66.8, 'country'),
	(70, 'Haiti', 63.7, 65.8, 61.5, 'country'),
	(71, 'Honduras', 75.1, 77.4, 72.8, 'country'),
	(72, 'Hungary', 76.7, 80.1, 73.1, 'country'),
	(73, 'Iceland', 82.9, 84.4, 81.3, 'country'),
	(74, 'India', 69.4, 70.7, 68.2, 'country'),
	(75, 'Indonesia', 71.5, 73.7, 69.4, 'country'),
	(76, 'Iran', 76.5, 77.7, 75.4, 'country'),
	(77, 'Iraq', 70.5, 72.5, 68.4, 'country'),
	(78, 'Ireland', 82.1, 83.7, 80.4, 'country'),
	(79, 'Israel', 82.8, 84.4, 81.1, 'country'),
	(80, 'Italy', 83.4, 85.4, 81.1, 'country'),
	(81, 'Jamaica', 74.4, 76, 72.8, 'country'),
	(82, 'Japan', 84.5, 87.5, 81.1, 'country'),
	(83, 'Jordan', 74.4, 76.2, 72.7, 'country'),
	(84, 'Kazakhstan', 73.2, 77.3, 68.8, 'country'),
	(85, 'Kenya', 63.3, 68.7, 64, 'country'),
	(86, 'Kiribati', 68.1, 72.1, 64, 'country'),
	(87, 'Kuwait', 75.4, 76.5, 74.7, 'country'),
	(88, 'Kyrgyzstan', 71.3, 75.5, 67.3, 'country'),
	(89, 'Laos', 67.6, 69.4, 65.8, 'country'),
	(90, 'Latvia', 75.2, 79.9, 70.1, 'country'),
	(91, 'Lebanon', 78.9, 80.8, 77.1, 'country'),
	(92, 'Lesotho', 53.7, 57, 50.6, 'country'),
	(93, 'Liberia', 63.7, 65.1, 62.3, 'country'),
	(94, 'Libya', 72.7, 75.8, 69.9, 'country'),
	(95, 'Lithuania', 75.7, 81.2, 70.1, 'country'),
	(96, 'Luxembourg', 82.1, 84.2, 80, 'country'),
	(97, 'Macau', 84.7, 87.6, 81.8, 'country'),
	(98, 'Madagascar', 66.7, 68.3, 65.1, 'country'),
	(99, 'Malawi', 63.8, 66.9, 60.7, 'country'),
	(100, 'Malaysia', 76.1, 78.3, 74.2, 'country'),
	(101, 'Mali', 58.9, 59.6, 58.1, 'country'),
	(102, 'Malta', 82.4, 84.1, 80.5, 'country'),
	(103, 'Mauritania', 64.7, 66.3, 63.1, 'country'),
	(104, 'Mauritius', 74.9, 78.4, 71.5, 'country'),
	(105, 'Mexico', 75, 77.8, 72.1, 'country'),
	(106, 'Moldova', 71.8, 76.1, 67.5, 'country'),
	(107, 'Mongolia', 69.7, 74, 65.6, 'country'),
	(108, 'Montenegro', 76.8, 79.2, 74.3, 'country'),
	(109, 'Morocco', 76.5, 77.7, 75.2, 'country'),
	(110, 'Mozambique', 60.2, 63, 57.1, 'country'),
	(111, 'Myanmar', 66.9, 69.9, 63.8, 'country'),
	(112, 'Namibia', 63.4, 66.2, 60.4, 'country'),
	(113, 'Nepal', 70.5, 71.9, 69, 'country'),
	(114, 'Netherlands', 82.1, 83.8, 80.4, 'country'),
	(115, 'New Zealand', 82.1, 83.9, 80.4, 'country'),
	(116, 'Nicaragua', 74.3, 77.8, 70.7, 'country'),
	(117, 'Niger', 62, 63.2, 60.9, 'country'),
	(118, 'Nigeria', 54.3, 55.2, 53.5, 'country'),
	(119, 'North Macedonia', 75.7, 77.7, 73.7, 'country'),
	(120, 'Norway', 82.3, 84.3, 80.3, 'country'),
	(121, 'Oman', 77.6, 80.1, 75.9, 'country'),
	(122, 'Pakistan', 67.1, 68.1, 66.2, 'country'),
	(123, 'Palestine', 73.9, 75.6, 72.3, 'country'),
	(124, 'Panama', 78.3, 81.6, 75.2, 'country'),
	(125, 'Papua New Guinea', 64.3, 65.6, 63, 'country'),
	(126, 'Paraguay', 74.1, 76.3, 72.2, 'country'),
	(127, 'People\'s Republic of China', 76.7, 79.1, 74.5, 'country'),
	(128, 'Peru', 76.5, 79.3, 73.8, 'country'),
	(129, 'Philippines', 71.1, 75.4, 67.1, 'country'),
	(130, 'Poland', 78.5, 82.4, 74.6, 'country'),
	(131, 'Portugal', 81.9, 84.7, 78.8, 'country'),
	(132, 'Romania', 75.9, 79.4, 72.5, 'country'),
	(133, 'Russia', 72.4, 77.6, 66.9, 'country'),
	(134, 'Rwanda', 68.7, 70.8, 66.5, 'country'),
	(135, 'Saint Lucia', 76.1, 77.4, 74.7, 'country'),
	(136, 'Saint Vincent and the Grenadines', 72.4, 75, 70.2, 'country'),
	(137, 'Samoa', 73.2, 75.3, 71.2, 'country'),
	(138, 'Sao Tome and Principe', 70.2, 72.6, 67.8, 'country'),
	(139, 'Saudi Arabia', 75, 76.6, 73.8, 'country'),
	(140, 'Senegal', 67.7, 69.6, 65.5, 'country'),
	(141, 'Serbia', 75.8, 78.5, 73.3, 'country'),
	(142, 'Seychelles', 73.3, 77.3, 69.8, 'country'),
	(143, 'Sierra Leone', 54.3, 55.1, 53.5, 'country'),
	(144, 'Singapore', 83.8, 85.8, 81.5, 'country'),
	(145, 'Slovakia', 77.4, 80.8, 73.8, 'country'),
	(146, 'Slovenia', 81.2, 83.9, 78.4, 'country'),
	(147, 'Solomon Islands', 72.8, 74.7, 71.2, 'country'),
	(148, 'South Africa', 63.9, 67.4, 60.5, 'country'),
	(149, 'South Korea', 82.8, 85.8, 79.7, 'country'),
	(150, 'South Sudan', 57.6, 59.1, 56.1, 'country'),
	(151, 'Spain', 83.4, 86.1, 80.7, 'country'),
	(152, 'Sri Lanka', 76.8, 80.1, 73.4, 'country'),
	(153, 'Sudan', 65.1, 66.9, 63.3, 'country'),
	(154, 'Suriname', 71.6, 74.9, 68.4, 'country'),
	(155, 'Sweden', 82.7, 84.4, 80.9, 'country'),
	(156, 'Switzerland', 83.6, 85.5, 81.7, 'country'),
	(157, 'Syria', 71.8, 77.8, 66.6, 'country'),
	(158, 'Tajikistan', 70.9, 73.2, 68.7, 'country'),
	(159, 'Tanzania', 65, 66.8, 63.2, 'country'),
	(160, 'Thailand', 76.9, 80.7, 73.2, 'country'),
	(161, 'Timor Leste', 69.3, 71.4, 67.3, 'country'),
	(162, 'Togo', 60.8, 61.6, 59.9, 'country'),
	(163, 'Tonga', 70.8, 72.8, 68.9, 'country'),
	(164, 'Trinidad and Tobago', 73.4, 76.1, 70.8, 'country'),
	(165, 'Tunisia', 76.5, 78.5, 74.5, 'country'),
	(166, 'Turkey', 77.4, 80.3, 74.4, 'country'),
	(167, 'Turkmenistan', 68.1, 71.6, 64.6, 'country'),
	(168, 'Uganda', 63, 65.2, 60.7, 'country'),
	(169, 'Ukraine', 72, 76.7, 67, 'country'),
	(170, 'United Arab Emirates', 77.8, 79.2, 77.1, 'country'),
	(171, 'United Kingdom', 81.2, 83, 79.5, 'country'),
	(172, 'United States', 78.9, 81.4, 76.3, 'country'),
	(173, 'Uruguay', 77.8, 81.4, 74, 'country'),
	(174, 'Uzbekistan', 71.6, 73.7, 69.4, 'country'),
	(175, 'Vanuatu', 70.3, 72, 68.8, 'country'),
	(176, 'Venezuela', 72.1, 76.1, 68.4, 'country'),
	(177, 'Vietnam', 75.3, 79.4, 71.2, 'country'),
	(178, 'Yemen', 66.1, 67.8, 64.4, 'country'),
	(179, 'Zambia', 63.5, 66.4, 60.5, 'country'),
	(180, 'Zimbabwe', 61.2, 62.6, 59.5, 'country'),
	(181, 'World', 72.6, 74.9, 70.4, 'region'),
	(182, 'Arab States', 71.9, 73.8, 70.2, 'region'),
	(183, 'Latin America and the Caribbean', 75.4, 78.6, 72.3, 'region'),
	(184, 'East Asia, Southeast Asia and Oceania', 75.3, 77.8, 72.9, 'region'),
	(185, 'Europe and Central Asia', 74.2, 77.5, 70.8, 'region'),
	(186, 'South Asia', 69.7, 71.1, 68.5, 'region'),
	(187, 'Sub-Saharan Africa', 61.2, 62.9, 59.4, 'region');
/*!40000 ALTER TABLE `countries` ENABLE KEYS */;

-- Dumping data for table lifetime.countries_text: ~561 rows (приблизно)
/*!40000 ALTER TABLE `countries_text` DISABLE KEYS */;
INSERT INTO `countries_text` (`country_id`, `lang`, `name`) VALUES
	(1, 'eng', 'Afghanistan'),
	(1, 'rus', 'Афганистан'),
	(1, 'ukr', 'Афганістан'),
	(2, 'eng', 'Algeria'),
	(2, 'rus', 'Алжир'),
	(2, 'ukr', 'Алжир'),
	(3, 'eng', 'Angola'),
	(3, 'rus', 'Ангола'),
	(3, 'ukr', 'Ангола'),
	(4, 'eng', 'Antigua and Barbuda'),
	(4, 'rus', 'Антигуа и Барбуда'),
	(4, 'ukr', 'Антигуа та Барбуда'),
	(5, 'eng', 'Argentina'),
	(5, 'rus', 'Аргентина'),
	(5, 'ukr', 'Аргентина'),
	(6, 'eng', 'Armenia'),
	(6, 'rus', 'Армения'),
	(6, 'ukr', 'Вірменія'),
	(7, 'eng', 'Ascension Island'),
	(7, 'rus', 'Остров Вознесения'),
	(7, 'ukr', 'Острів Вознесіння'),
	(8, 'eng', 'Australia'),
	(8, 'rus', 'Австралия'),
	(8, 'ukr', 'Австралія'),
	(9, 'eng', 'Austria'),
	(9, 'rus', 'Австрия'),
	(9, 'ukr', 'Австрія'),
	(10, 'eng', 'Azerbaijan'),
	(10, 'rus', 'Азербайджан'),
	(10, 'ukr', 'Азербайджан'),
	(11, 'eng', 'Bahamas'),
	(11, 'rus', 'Багамские о-ва'),
	(11, 'ukr', 'Багами'),
	(12, 'eng', 'Bahrain'),
	(12, 'rus', 'Бахрейн'),
	(12, 'ukr', 'Бахрейн'),
	(13, 'eng', 'Bangladesh'),
	(13, 'rus', 'Бангладеш'),
	(13, 'ukr', 'Бангладеш'),
	(14, 'eng', 'Barbados'),
	(14, 'rus', 'Барбадос'),
	(14, 'ukr', 'Барбадос'),
	(15, 'eng', 'Belarus'),
	(15, 'rus', 'Беларусь'),
	(15, 'ukr', 'Білорусь'),
	(16, 'eng', 'Belgium'),
	(16, 'rus', 'Бельгия'),
	(16, 'ukr', 'Бельгія'),
	(17, 'eng', 'Belize'),
	(17, 'rus', 'Белиз'),
	(17, 'ukr', 'Беліз'),
	(18, 'eng', 'Benin'),
	(18, 'rus', 'Бенин'),
	(18, 'ukr', 'Бенін'),
	(19, 'eng', 'Bhutan'),
	(19, 'rus', 'Бутан'),
	(19, 'ukr', 'Бутан'),
	(20, 'eng', 'Bolivia'),
	(20, 'rus', 'Боливия'),
	(20, 'ukr', 'Болівія'),
	(21, 'eng', 'Bosnia and Herzegovina'),
	(21, 'rus', 'Босния и Герцеговина'),
	(21, 'ukr', 'Боснія і Герцеговина'),
	(22, 'eng', 'Botswana'),
	(22, 'rus', 'Ботсвана'),
	(22, 'ukr', 'Ботсвана'),
	(23, 'eng', 'Brazil'),
	(23, 'rus', 'Бразилия'),
	(23, 'ukr', 'Бразилія'),
	(24, 'eng', 'Brunei'),
	(24, 'rus', 'Бруней'),
	(24, 'ukr', 'Бруней'),
	(25, 'eng', 'Bulgaria'),
	(25, 'rus', 'Болгария'),
	(25, 'ukr', 'Болгарія'),
	(26, 'eng', 'Burkina Faso'),
	(26, 'rus', 'Буркина-Фасо'),
	(26, 'ukr', 'Буркіна-Фасо'),
	(27, 'eng', 'Burundi'),
	(27, 'rus', 'Бурунди'),
	(27, 'ukr', 'Бурунді'),
	(28, 'eng', 'Cabo Verde'),
	(28, 'rus', 'Кабо Верде'),
	(28, 'ukr', 'Кабо Верде'),
	(29, 'eng', 'Cambodia'),
	(29, 'rus', 'Камбоджа'),
	(29, 'ukr', 'Камбоджа'),
	(30, 'eng', 'Cameroon'),
	(30, 'rus', 'Камерун'),
	(30, 'ukr', 'Камерун'),
	(31, 'eng', 'Canada'),
	(31, 'rus', 'Канада'),
	(31, 'ukr', 'Канада'),
	(32, 'eng', 'Central African Republic'),
	(32, 'rus', 'Центрально-Африканская Республика'),
	(32, 'ukr', 'Центральноафриканська республіка'),
	(33, 'eng', 'Chad'),
	(33, 'rus', 'Чад'),
	(33, 'ukr', 'Чад'),
	(34, 'eng', 'Chile'),
	(34, 'rus', 'Чили'),
	(34, 'ukr', 'Чилі'),
	(35, 'eng', 'Colombia'),
	(35, 'rus', 'Колумбия'),
	(35, 'ukr', 'Колумбія'),
	(36, 'eng', 'Comoros'),
	(36, 'rus', 'Коморские острова'),
	(36, 'ukr', 'Коморські острови'),
	(37, 'eng', 'Congo, Democratic Republic of the'),
	(37, 'rus', 'Конго, Демократическая Республика'),
	(37, 'ukr', 'Конго, Демократична Республіка'),
	(38, 'eng', 'Congo, Republic of'),
	(38, 'rus', 'Конго, Республика'),
	(38, 'ukr', 'Конго, Республіка Росія'),
	(39, 'eng', 'Costa Rica'),
	(39, 'rus', 'Коста Рика'),
	(39, 'ukr', 'Коста-Ріка'),
	(40, 'eng', 'Croatia'),
	(40, 'rus', 'Хорватия'),
	(40, 'ukr', 'Хорватія'),
	(41, 'eng', 'Cuba'),
	(41, 'rus', 'Куба'),
	(41, 'ukr', 'Куба'),
	(42, 'eng', 'Cyprus'),
	(42, 'rus', 'Кипр'),
	(42, 'ukr', 'Кіпр'),
	(43, 'eng', 'Czech Republic'),
	(43, 'rus', 'Чехия'),
	(43, 'ukr', 'Чеська Республіка'),
	(44, 'eng', 'Côte d\'Ivoire'),
	(44, 'rus', 'Берег Слоновой Кости'),
	(44, 'ukr', 'Кот-д\'Івуар'),
	(45, 'eng', 'Denmark'),
	(45, 'rus', 'Дания'),
	(45, 'ukr', 'Данія'),
	(46, 'eng', 'Djibouti'),
	(46, 'rus', 'Джибути'),
	(46, 'ukr', 'Джибуті'),
	(47, 'eng', 'Dominican Republic'),
	(47, 'rus', 'Доминиканская Респблика'),
	(47, 'ukr', 'Домініканська республіка'),
	(48, 'eng', 'Ecuador'),
	(48, 'rus', 'Эквадор'),
	(48, 'ukr', 'Еквадор'),
	(49, 'eng', 'Egypt'),
	(49, 'rus', 'Египет'),
	(49, 'ukr', 'Єгипет'),
	(50, 'eng', 'El Salvador'),
	(50, 'rus', 'Сальвадор'),
	(50, 'ukr', 'Сальвадор'),
	(51, 'eng', 'Equatorial Guinea'),
	(51, 'rus', 'Экваториальная Гвинея'),
	(51, 'ukr', 'Екваторіальна Гвінея'),
	(52, 'eng', 'Eritrea'),
	(52, 'rus', 'Эритрея'),
	(52, 'ukr', 'Еритрея'),
	(53, 'eng', 'Eswatini'),
	(53, 'rus', 'Эсватини'),
	(53, 'ukr', 'Есватині'),
	(54, 'eng', 'Ethiopia'),
	(54, 'rus', 'Эфиопия'),
	(54, 'ukr', 'Ефіопія'),
	(55, 'eng', 'Federated States of Micronesia'),
	(55, 'rus', 'Федеративные Штаты Микронезии'),
	(55, 'ukr', 'Федеративні штати Мікронезії'),
	(56, 'eng', 'Fiji'),
	(56, 'rus', 'Фиджи'),
	(56, 'ukr', 'Фіджі'),
	(57, 'eng', 'Finland'),
	(57, 'rus', 'Финляндия'),
	(57, 'ukr', 'Фінляндія'),
	(58, 'eng', 'France'),
	(58, 'rus', 'Франция'),
	(58, 'ukr', 'Франція'),
	(59, 'eng', 'Gabon'),
	(59, 'rus', 'Габон'),
	(59, 'ukr', 'Габон'),
	(60, 'eng', 'Gambia'),
	(60, 'rus', 'Гамбия'),
	(60, 'ukr', 'Гамбія'),
	(61, 'eng', 'Georgia'),
	(61, 'rus', 'Грузия'),
	(61, 'ukr', 'Грузія'),
	(62, 'eng', 'Germany'),
	(62, 'rus', 'Германия'),
	(62, 'ukr', 'Німеччина'),
	(63, 'eng', 'Ghana'),
	(63, 'rus', 'Гана'),
	(63, 'ukr', 'Гана'),
	(64, 'eng', 'Greece'),
	(64, 'rus', 'Греция'),
	(64, 'ukr', 'Греція'),
	(65, 'eng', 'Grenada'),
	(65, 'rus', 'Гренада'),
	(65, 'ukr', 'Гренада'),
	(66, 'eng', 'Guatemala'),
	(66, 'rus', 'Гватемала'),
	(66, 'ukr', 'Гватемала'),
	(67, 'eng', 'Guinea'),
	(67, 'rus', 'Гвинея'),
	(67, 'ukr', 'Гвінея'),
	(68, 'eng', 'Guinea-Bissau'),
	(68, 'rus', 'Гвинея-Бисау'),
	(68, 'ukr', 'Гвінея-Бісау'),
	(69, 'eng', 'Guyana'),
	(69, 'rus', 'Гайана'),
	(69, 'ukr', 'Гайана'),
	(70, 'eng', 'Haiti'),
	(70, 'rus', 'Гаити'),
	(70, 'ukr', 'Гаїті'),
	(71, 'eng', 'Honduras'),
	(71, 'rus', 'Гондурас'),
	(71, 'ukr', 'Гондурас'),
	(72, 'eng', 'Hungary'),
	(72, 'rus', 'Венгрия'),
	(72, 'ukr', 'Угорщина'),
	(73, 'eng', 'Iceland'),
	(73, 'rus', 'Исландия'),
	(73, 'ukr', 'Ісландія'),
	(74, 'eng', 'India'),
	(74, 'rus', 'Индия'),
	(74, 'ukr', 'Індія'),
	(75, 'eng', 'Indonesia'),
	(75, 'rus', 'Индонезия'),
	(75, 'ukr', 'Індонезія'),
	(76, 'eng', 'Iran'),
	(76, 'rus', 'Иран'),
	(76, 'ukr', 'Іран'),
	(77, 'eng', 'Iraq'),
	(77, 'rus', 'Ирак'),
	(77, 'ukr', 'Ірак'),
	(78, 'eng', 'Ireland'),
	(78, 'rus', 'Ирландия'),
	(78, 'ukr', 'Ірландія'),
	(79, 'eng', 'Israel'),
	(79, 'rus', 'Израиль'),
	(79, 'ukr', 'Ізраїль'),
	(80, 'eng', 'Italy'),
	(80, 'rus', 'Италия'),
	(80, 'ukr', 'Італія'),
	(81, 'eng', 'Jamaica'),
	(81, 'rus', 'Ямайка'),
	(81, 'ukr', 'Ямайка'),
	(82, 'eng', 'Japan'),
	(82, 'rus', 'Япония'),
	(82, 'ukr', 'Японія'),
	(83, 'eng', 'Jordan'),
	(83, 'rus', 'Иордания'),
	(83, 'ukr', 'Йорданія'),
	(84, 'eng', 'Kazakhstan'),
	(84, 'rus', 'Казахстан'),
	(84, 'ukr', 'Казахстан'),
	(85, 'eng', 'Kenya'),
	(85, 'rus', 'Кения'),
	(85, 'ukr', 'Кенія'),
	(86, 'eng', 'Kiribati'),
	(86, 'rus', 'Кирибати'),
	(86, 'ukr', 'Кірібаті'),
	(87, 'eng', 'Kuwait'),
	(87, 'rus', 'Кувейт'),
	(87, 'ukr', 'Кувейт'),
	(88, 'eng', 'Kyrgyzstan'),
	(88, 'rus', 'Киргизия'),
	(88, 'ukr', 'Киргизстан'),
	(89, 'eng', 'Laos'),
	(89, 'rus', 'Лаос'),
	(89, 'ukr', 'Лаос'),
	(90, 'eng', 'Latvia'),
	(90, 'rus', 'Латвия'),
	(90, 'ukr', 'Латвія'),
	(91, 'eng', 'Lebanon'),
	(91, 'rus', 'Ливан'),
	(91, 'ukr', 'Ліван'),
	(92, 'eng', 'Lesotho'),
	(92, 'rus', 'Лесото'),
	(92, 'ukr', 'Лесото'),
	(93, 'eng', 'Liberia'),
	(93, 'rus', 'Либерия'),
	(93, 'ukr', 'Ліберія'),
	(94, 'eng', 'Libya'),
	(94, 'rus', 'Ливия'),
	(94, 'ukr', 'Лівія'),
	(95, 'eng', 'Lithuania'),
	(95, 'rus', 'Литва'),
	(95, 'ukr', 'Литва'),
	(96, 'eng', 'Luxembourg'),
	(96, 'rus', 'Люксембург'),
	(96, 'ukr', 'Люксембург'),
	(97, 'eng', 'Macau'),
	(97, 'rus', 'Макао'),
	(97, 'ukr', 'Макао'),
	(98, 'eng', 'Madagascar'),
	(98, 'rus', 'Мадагаскар'),
	(98, 'ukr', 'Мадагаскар'),
	(99, 'eng', 'Malawi'),
	(99, 'rus', 'Малави'),
	(99, 'ukr', 'Малаві'),
	(100, 'eng', 'Malaysia'),
	(100, 'rus', 'Малайзия'),
	(100, 'ukr', 'Малайзія'),
	(101, 'eng', 'Mali'),
	(101, 'rus', 'Мали'),
	(101, 'ukr', 'Малі'),
	(102, 'eng', 'Malta'),
	(102, 'rus', 'Мальта'),
	(102, 'ukr', 'Мальта'),
	(103, 'eng', 'Mauritania'),
	(103, 'rus', 'Мавритания'),
	(103, 'ukr', 'Мавританія'),
	(104, 'eng', 'Mauritius'),
	(104, 'rus', 'Маврикий'),
	(104, 'ukr', 'Маврикій'),
	(105, 'eng', 'Mexico'),
	(105, 'rus', 'Мексика'),
	(105, 'ukr', 'Мексика'),
	(106, 'eng', 'Moldova'),
	(106, 'rus', 'Молдова'),
	(106, 'ukr', 'Молдова'),
	(107, 'eng', 'Mongolia'),
	(107, 'rus', 'Монголия'),
	(107, 'ukr', 'Монголія'),
	(108, 'eng', 'Montenegro'),
	(108, 'rus', 'Черногория'),
	(108, 'ukr', 'Чорногорія'),
	(109, 'eng', 'Morocco'),
	(109, 'rus', 'Марокко'),
	(109, 'ukr', 'Марокко'),
	(110, 'eng', 'Mozambique'),
	(110, 'rus', 'Мозамбик'),
	(110, 'ukr', 'Мозамбік'),
	(111, 'eng', 'Myanmar'),
	(111, 'rus', 'Мьянма'),
	(111, 'ukr', 'М\'янма'),
	(112, 'eng', 'Namibia'),
	(112, 'rus', 'Намибия'),
	(112, 'ukr', 'Намібія'),
	(113, 'eng', 'Nepal'),
	(113, 'rus', 'Непал'),
	(113, 'ukr', 'Непал'),
	(114, 'eng', 'Netherlands'),
	(114, 'rus', 'Нидерланды'),
	(114, 'ukr', 'Нідерланди'),
	(115, 'eng', 'New Zealand'),
	(115, 'rus', 'Новая Зеландия'),
	(115, 'ukr', 'Нова Зеландія'),
	(116, 'eng', 'Nicaragua'),
	(116, 'rus', 'Никарагуа'),
	(116, 'ukr', 'Нікарагуа'),
	(117, 'eng', 'Niger'),
	(117, 'rus', 'Нигер'),
	(117, 'ukr', 'Нігер'),
	(118, 'eng', 'Nigeria'),
	(118, 'rus', 'Нигерия'),
	(118, 'ukr', 'Нігерія'),
	(119, 'eng', 'North Macedonia'),
	(119, 'rus', 'Северная Македония'),
	(119, 'ukr', 'Північна Македонія'),
	(120, 'eng', 'Norway'),
	(120, 'rus', 'Норвегия'),
	(120, 'ukr', 'Норвегія'),
	(121, 'eng', 'Oman'),
	(121, 'rus', 'Оман'),
	(121, 'ukr', 'Оман'),
	(122, 'eng', 'Pakistan'),
	(122, 'rus', 'Пакистан'),
	(122, 'ukr', 'Пакистан'),
	(123, 'eng', 'Palestine'),
	(123, 'rus', 'Палестина'),
	(123, 'ukr', 'Палестина'),
	(124, 'eng', 'Panama'),
	(124, 'rus', 'Панама'),
	(124, 'ukr', 'Панама'),
	(125, 'eng', 'Papua New Guinea'),
	(125, 'rus', 'Папуа - Новая Гвинея'),
	(125, 'ukr', 'Папуа-Нова Гвінея'),
	(126, 'eng', 'Paraguay'),
	(126, 'rus', 'Парагвай'),
	(126, 'ukr', 'Парагвай'),
	(127, 'eng', 'People\'s Republic of China'),
	(127, 'rus', 'Китайская Народная Республика'),
	(127, 'ukr', 'Народна Республіка Китай'),
	(128, 'eng', 'Peru'),
	(128, 'rus', 'Перу'),
	(128, 'ukr', 'Перу'),
	(129, 'eng', 'Philippines'),
	(129, 'rus', 'Филиппины'),
	(129, 'ukr', 'Філіппіни'),
	(130, 'eng', 'Poland'),
	(130, 'rus', 'Польша'),
	(130, 'ukr', 'Польща'),
	(131, 'eng', 'Portugal'),
	(131, 'rus', 'Португалия'),
	(131, 'ukr', 'Португалія'),
	(132, 'eng', 'Romania'),
	(132, 'rus', 'Румыния'),
	(132, 'ukr', 'Румунія'),
	(133, 'eng', 'Russia'),
	(133, 'rus', 'Россия'),
	(133, 'ukr', 'Росія'),
	(134, 'eng', 'Rwanda'),
	(134, 'rus', 'Руанда'),
	(134, 'ukr', 'Руанда'),
	(135, 'eng', 'Saint Lucia'),
	(135, 'rus', 'Сент-Люсия'),
	(135, 'ukr', 'Сент-Люсія'),
	(136, 'eng', 'Saint Vincent and the Grenadines'),
	(136, 'rus', 'Святой Винсент и Гренадины'),
	(136, 'ukr', 'Сент-Вінсент та Гренадини'),
	(137, 'eng', 'Samoa'),
	(137, 'rus', 'Самоа'),
	(137, 'ukr', 'Самоа'),
	(138, 'eng', 'Sao Tome and Principe'),
	(138, 'rus', 'Сан-Томе и Принсипи'),
	(138, 'ukr', 'Сан-Томе і Принсіпі'),
	(139, 'eng', 'Saudi Arabia'),
	(139, 'rus', 'Саудовская Аравия'),
	(139, 'ukr', 'Саудівська Аравія'),
	(140, 'eng', 'Senegal'),
	(140, 'rus', 'Сенегал'),
	(140, 'ukr', 'Сенегал'),
	(141, 'eng', 'Serbia'),
	(141, 'rus', 'Сербия'),
	(141, 'ukr', 'Сербія'),
	(142, 'eng', 'Seychelles'),
	(142, 'rus', 'Сейшельские острова'),
	(142, 'ukr', 'Сейшельські острови'),
	(143, 'eng', 'Sierra Leone'),
	(143, 'rus', 'Сьерра-Леоне'),
	(143, 'ukr', 'Сьєрра-Леоне'),
	(144, 'eng', 'Singapore'),
	(144, 'rus', 'Сингапур'),
	(144, 'ukr', 'Сінгапур'),
	(145, 'eng', 'Slovakia'),
	(145, 'rus', 'Словакия'),
	(145, 'ukr', 'Словаччина'),
	(146, 'eng', 'Slovenia'),
	(146, 'rus', 'Словения'),
	(146, 'ukr', 'Словенія'),
	(147, 'eng', 'Solomon Islands'),
	(147, 'rus', 'Соломоновы острова'),
	(147, 'ukr', 'Соломонові острови'),
	(148, 'eng', 'South Africa'),
	(148, 'rus', 'Южная Африка'),
	(148, 'ukr', 'Південна Африка'),
	(149, 'eng', 'South Korea'),
	(149, 'rus', 'Южная Корея'),
	(149, 'ukr', 'Південна Корея'),
	(150, 'eng', 'South Sudan'),
	(150, 'rus', 'южный Судан'),
	(150, 'ukr', 'Південний Судан'),
	(151, 'eng', 'Spain'),
	(151, 'rus', 'Испания'),
	(151, 'ukr', 'Іспанія'),
	(152, 'eng', 'Sri Lanka'),
	(152, 'rus', 'Шри-Ланка'),
	(152, 'ukr', 'Шрі Ланка'),
	(153, 'eng', 'Sudan'),
	(153, 'rus', 'Судан'),
	(153, 'ukr', 'Судан'),
	(154, 'eng', 'Suriname'),
	(154, 'rus', 'Суринам'),
	(154, 'ukr', 'Сурінам'),
	(155, 'eng', 'Sweden'),
	(155, 'rus', 'Швеция'),
	(155, 'ukr', 'Швеція'),
	(156, 'eng', 'Switzerland'),
	(156, 'rus', 'Швейцария'),
	(156, 'ukr', 'Швейцарія'),
	(157, 'eng', 'Syria'),
	(157, 'rus', 'Сирия'),
	(157, 'ukr', 'Сирія'),
	(158, 'eng', 'Tajikistan'),
	(158, 'rus', 'Таджикистан'),
	(158, 'ukr', 'Таджикистан'),
	(159, 'eng', 'Tanzania'),
	(159, 'rus', 'Танзания'),
	(159, 'ukr', 'Танзанія'),
	(160, 'eng', 'Thailand'),
	(160, 'rus', 'Таиланд'),
	(160, 'ukr', 'Таїланд'),
	(161, 'eng', 'Timor Leste'),
	(161, 'rus', 'Восточный Тимор'),
	(161, 'ukr', 'Восточний Тимор'),
	(162, 'eng', 'Togo'),
	(162, 'rus', 'Идти'),
	(162, 'ukr', 'Йти'),
	(163, 'eng', 'Tonga'),
	(163, 'rus', 'Тонга'),
	(163, 'ukr', 'Тонга'),
	(164, 'eng', 'Trinidad and Tobago'),
	(164, 'rus', 'Тринидад и Тобаго'),
	(164, 'ukr', 'Тринідад і Тобаго'),
	(165, 'eng', 'Tunisia'),
	(165, 'rus', 'Тунис'),
	(165, 'ukr', 'Туніс'),
	(166, 'eng', 'Turkey'),
	(166, 'rus', 'Турция'),
	(166, 'ukr', 'Туреччина'),
	(167, 'eng', 'Turkmenistan'),
	(167, 'rus', 'Туркменистан'),
	(167, 'ukr', 'Туркменістан'),
	(168, 'eng', 'Uganda'),
	(168, 'rus', 'Уганда'),
	(168, 'ukr', 'Уганда'),
	(169, 'eng', 'Ukraine'),
	(169, 'rus', 'Украина'),
	(169, 'ukr', 'Україна'),
	(170, 'eng', 'United Arab Emirates'),
	(170, 'rus', 'Объединенные Арабские Эмираты'),
	(170, 'ukr', 'Об\'єднані Арабські Емірати'),
	(171, 'eng', 'United Kingdom'),
	(171, 'rus', 'Соединенное Королевство'),
	(171, 'ukr', 'Об\'єднане Королівство'),
	(172, 'eng', 'United States'),
	(172, 'rus', 'Соединенные Штаты'),
	(172, 'ukr', 'Сполучені Штати'),
	(173, 'eng', 'Uruguay'),
	(173, 'rus', 'Уругвай'),
	(173, 'ukr', 'Уругвай'),
	(174, 'eng', 'Uzbekistan'),
	(174, 'rus', 'Узбекистан'),
	(174, 'ukr', 'Узбекистан'),
	(175, 'eng', 'Vanuatu'),
	(175, 'rus', 'Вануату'),
	(175, 'ukr', 'Вануату'),
	(176, 'eng', 'Venezuela'),
	(176, 'rus', 'Венесуэла'),
	(176, 'ukr', 'Венесуела'),
	(177, 'eng', 'Vietnam'),
	(177, 'rus', 'Вьетнам'),
	(177, 'ukr', 'В\'єтнам'),
	(178, 'eng', 'Yemen'),
	(178, 'rus', 'Йемен'),
	(178, 'ukr', 'Ємен'),
	(179, 'eng', 'Zambia'),
	(179, 'rus', 'Замбия'),
	(179, 'ukr', 'Замбія'),
	(180, 'eng', 'Zimbabwe'),
	(180, 'rus', 'Зимбабве'),
	(180, 'ukr', 'Зімбабве'),
	(181, 'eng', 'World'),
	(181, 'rus', 'Мир'),
	(181, 'ukr', 'Світ'),
	(182, 'eng', 'Arab States'),
	(182, 'rus', 'Арабские государства'),
	(182, 'ukr', 'Арабські держави'),
	(183, 'eng', 'Latin America and the Caribbean'),
	(183, 'rus', 'Латинская Америка и Карибский бассейн'),
	(183, 'ukr', 'Латинська Америка та Кариби'),
	(184, 'eng', 'East Asia, Southeast Asia and Oceania'),
	(184, 'rus', 'Восточная Азия, Юго-Восточная Азия и Океания'),
	(184, 'ukr', 'Східна Азія, Південно-Східна Азія та Океанія'),
	(185, 'eng', 'Europe and Central Asia'),
	(185, 'rus', 'Европа и Центральная Азия'),
	(185, 'ukr', 'Європа та Центральна Азія'),
	(186, 'eng', 'South Asia'),
	(186, 'rus', 'Южная Азия'),
	(186, 'ukr', 'Південна Азія'),
	(187, 'eng', 'Sub-Saharan Africa'),
	(187, 'rus', 'К югу от Сахары'),
	(187, 'ukr', 'Африка на південь від Сахари');
/*!40000 ALTER TABLE `countries_text` ENABLE KEYS */;

-- Dumping data for table lifetime.genders: ~2 rows (приблизно)
/*!40000 ALTER TABLE `genders` DISABLE KEYS */;
INSERT INTO `genders` (`id`) VALUES
	(1),
	(2),
	(3);
/*!40000 ALTER TABLE `genders` ENABLE KEYS */;

-- Dumping data for table lifetime.genders_text: ~9 rows (приблизно)
/*!40000 ALTER TABLE `genders_text` DISABLE KEYS */;
INSERT INTO `genders_text` (`gender_id`, `lang`, `name`) VALUES
	(1, 'eng', 'overall'),
	(1, 'rus', 'в целом'),
	(1, 'ukr', 'загалом'),
	(2, 'eng', 'female'),
	(2, 'rus', 'женский'),
	(2, 'ukr', 'жіноча'),
	(3, 'eng', 'male'),
	(3, 'rus', 'мужской'),
	(3, 'ukr', 'чоловіча');
/*!40000 ALTER TABLE `genders_text` ENABLE KEYS */;

-- Dumping data for table lifetime.languages: ~2 rows (приблизно)
/*!40000 ALTER TABLE `languages` DISABLE KEYS */;
INSERT INTO `languages` (`code`, `name`, `default`) VALUES
	('eng', 'english', 'Y'),
	('rus', 'русский', 'N'),
	('ukr', 'українська', 'N');
/*!40000 ALTER TABLE `languages` ENABLE KEYS */;

-- Dumping data for table lifetime.life_exp: ~0 rows (приблизно)
/*!40000 ALTER TABLE `life_exp` DISABLE KEYS */;
INSERT INTO `life_exp` (`country_id`, `gender_id`, `life_exp`) VALUES
	(32, 3, 50.6),
	(92, 3, 50.6),
	(33, 3, 52.6),
	(32, 1, 52.8),
	(118, 3, 53.5),
	(143, 3, 53.5),
	(92, 1, 53.7),
	(33, 1, 54),
	(118, 1, 54.3),
	(143, 1, 54.3),
	(32, 2, 55),
	(143, 2, 55.1),
	(118, 2, 55.2),
	(53, 3, 55.3),
	(33, 2, 55.4),
	(68, 3, 56),
	(150, 3, 56.1),
	(44, 3, 56.3),
	(92, 2, 57),
	(110, 3, 57.1),
	(44, 1, 57.4),
	(51, 3, 57.4),
	(150, 1, 57.6),
	(30, 3, 57.7),
	(68, 1, 58),
	(3, 3, 58.1),
	(101, 3, 58.1),
	(51, 1, 58.4),
	(44, 2, 58.7),
	(30, 1, 58.9),
	(37, 3, 58.9),
	(101, 1, 58.9),
	(150, 2, 59.1),
	(27, 3, 59.4),
	(53, 1, 59.4),
	(187, 3, 59.4),
	(180, 3, 59.5),
	(51, 2, 59.6),
	(101, 2, 59.6),
	(18, 3, 59.9),
	(68, 2, 59.9),
	(162, 3, 59.9),
	(30, 2, 60.2),
	(110, 1, 60.2),
	(26, 3, 60.4),
	(37, 1, 60.4),
	(60, 3, 60.4),
	(112, 3, 60.4),
	(67, 3, 60.5),
	(148, 3, 60.5),
	(179, 3, 60.5),
	(99, 3, 60.7),
	(168, 3, 60.7),
	(3, 1, 60.8),
	(162, 1, 60.8),
	(117, 3, 60.9),
	(26, 1, 61.2),
	(27, 1, 61.2),
	(67, 1, 61.2),
	(180, 1, 61.2),
	(187, 1, 61.2),
	(18, 1, 61.5),
	(70, 3, 61.5),
	(162, 2, 61.6),
	(60, 1, 61.7),
	(67, 2, 61.7),
	(26, 2, 61.9),
	(37, 2, 61.9),
	(117, 1, 62),
	(93, 3, 62.3),
	(36, 3, 62.4),
	(180, 2, 62.6),
	(63, 3, 62.7),
	(38, 3, 62.8),
	(187, 2, 62.9),
	(1, 3, 63),
	(18, 2, 63),
	(27, 2, 63),
	(110, 2, 63),
	(125, 3, 63),
	(168, 1, 63),
	(103, 3, 63.1),
	(60, 2, 63.2),
	(117, 2, 63.2),
	(159, 3, 63.2),
	(85, 1, 63.3),
	(153, 3, 63.3),
	(112, 1, 63.4),
	(179, 1, 63.5),
	(3, 2, 63.7),
	(70, 1, 63.7),
	(93, 1, 63.7),
	(52, 3, 63.8),
	(63, 1, 63.8),
	(99, 1, 63.8),
	(111, 3, 63.8),
	(148, 1, 63.9),
	(53, 2, 64),
	(85, 3, 64),
	(86, 3, 64),
	(36, 1, 64.1),
	(59, 3, 64.2),
	(38, 1, 64.3),
	(125, 1, 64.3),
	(54, 3, 64.4),
	(178, 3, 64.4),
	(1, 1, 64.5),
	(46, 3, 64.6),
	(167, 3, 64.6),
	(103, 1, 64.7),
	(63, 2, 64.9),
	(159, 1, 65),
	(93, 2, 65.1),
	(98, 3, 65.1),
	(153, 1, 65.1),
	(168, 2, 65.2),
	(140, 3, 65.5),
	(56, 3, 65.6),
	(107, 3, 65.6),
	(125, 2, 65.6),
	(38, 2, 65.7),
	(70, 2, 65.8),
	(89, 3, 65.8),
	(36, 2, 65.9),
	(52, 1, 65.9),
	(1, 2, 66),
	(55, 3, 66.1),
	(178, 1, 66.1),
	(22, 3, 66.2),
	(54, 1, 66.2),
	(59, 1, 66.2),
	(112, 2, 66.2),
	(122, 3, 66.2),
	(103, 2, 66.3),
	(179, 2, 66.4),
	(134, 3, 66.5),
	(46, 1, 66.6),
	(157, 3, 66.6),
	(98, 1, 66.7),
	(69, 3, 66.8),
	(159, 2, 66.8),
	(99, 2, 66.9),
	(111, 1, 66.9),
	(133, 3, 66.9),
	(153, 2, 66.9),
	(169, 3, 67),
	(122, 1, 67.1),
	(129, 3, 67.1),
	(29, 3, 67.3),
	(56, 1, 67.3),
	(88, 3, 67.3),
	(161, 3, 67.3),
	(148, 2, 67.4),
	(106, 3, 67.5),
	(89, 1, 67.6),
	(140, 1, 67.7),
	(55, 1, 67.8),
	(138, 3, 67.8),
	(178, 2, 67.8),
	(86, 1, 68.1),
	(122, 2, 68.1),
	(167, 1, 68.1),
	(50, 3, 68.2),
	(52, 2, 68.2),
	(54, 2, 68.2),
	(74, 3, 68.2),
	(98, 2, 68.3),
	(20, 3, 68.4),
	(77, 3, 68.4),
	(154, 3, 68.4),
	(176, 3, 68.4),
	(186, 3, 68.5),
	(85, 2, 68.7),
	(134, 1, 68.7),
	(158, 3, 68.7),
	(46, 2, 68.8),
	(84, 3, 68.8),
	(175, 3, 68.8),
	(59, 2, 68.9),
	(163, 3, 68.9),
	(113, 3, 69),
	(56, 2, 69.2),
	(61, 3, 69.2),
	(22, 1, 69.3),
	(28, 3, 69.3),
	(161, 1, 69.3),
	(15, 3, 69.4),
	(74, 1, 69.4),
	(75, 3, 69.4),
	(89, 2, 69.4),
	(174, 3, 69.4),
	(55, 2, 69.5),
	(29, 1, 69.6),
	(49, 3, 69.6),
	(140, 2, 69.6),
	(107, 1, 69.7),
	(186, 1, 69.7),
	(69, 1, 69.8),
	(142, 3, 69.8),
	(94, 3, 69.9),
	(111, 2, 69.9),
	(65, 3, 70.1),
	(90, 3, 70.1),
	(95, 3, 70.1),
	(136, 3, 70.2),
	(138, 1, 70.2),
	(182, 3, 70.2),
	(10, 3, 70.3),
	(175, 1, 70.3),
	(181, 3, 70.4),
	(77, 1, 70.5),
	(113, 1, 70.5),
	(13, 3, 70.6),
	(74, 2, 70.7),
	(116, 3, 70.7),
	(47, 3, 70.8),
	(134, 2, 70.8),
	(163, 1, 70.8),
	(164, 3, 70.8),
	(185, 3, 70.8),
	(158, 1, 70.9),
	(19, 3, 71.1),
	(66, 3, 71.1),
	(129, 1, 71.1),
	(186, 2, 71.1),
	(6, 3, 71.2),
	(20, 1, 71.2),
	(137, 3, 71.2),
	(147, 3, 71.2),
	(177, 3, 71.2),
	(88, 1, 71.3),
	(25, 3, 71.4),
	(161, 2, 71.4),
	(11, 3, 71.5),
	(19, 1, 71.5),
	(75, 1, 71.5),
	(104, 3, 71.5),
	(17, 3, 71.6),
	(29, 2, 71.6),
	(154, 1, 71.6),
	(167, 2, 71.6),
	(174, 1, 71.6),
	(19, 2, 71.8),
	(49, 1, 71.8),
	(106, 1, 71.8),
	(157, 1, 71.8),
	(113, 2, 71.9),
	(182, 1, 71.9),
	(22, 2, 72),
	(23, 3, 72),
	(169, 1, 72),
	(175, 2, 72),
	(86, 2, 72.1),
	(105, 3, 72.1),
	(176, 1, 72.1),
	(126, 3, 72.2),
	(13, 1, 72.3),
	(123, 3, 72.3),
	(183, 3, 72.3),
	(65, 1, 72.4),
	(133, 1, 72.4),
	(136, 1, 72.4),
	(77, 2, 72.5),
	(132, 3, 72.5),
	(138, 2, 72.6),
	(181, 1, 72.6),
	(83, 3, 72.7),
	(94, 1, 72.7),
	(28, 1, 72.8),
	(71, 3, 72.8),
	(81, 3, 72.8),
	(147, 1, 72.8),
	(163, 2, 72.8),
	(10, 1, 72.9),
	(184, 3, 72.9),
	(69, 2, 73),
	(5, 3, 73.1),
	(50, 1, 73.1),
	(72, 3, 73.1),
	(84, 1, 73.2),
	(137, 1, 73.2),
	(158, 2, 73.2),
	(160, 3, 73.2),
	(141, 3, 73.3),
	(142, 1, 73.3),
	(152, 3, 73.4),
	(164, 1, 73.4),
	(61, 1, 73.6),
	(75, 2, 73.7),
	(119, 3, 73.7),
	(174, 2, 73.7),
	(11, 1, 73.8),
	(128, 3, 73.8),
	(139, 3, 73.8),
	(145, 3, 73.8),
	(182, 2, 73.8),
	(47, 1, 73.9),
	(123, 1, 73.9),
	(107, 2, 74),
	(173, 3, 74),
	(48, 3, 74.1),
	(66, 1, 74.1),
	(126, 1, 74.1),
	(20, 2, 74.2),
	(49, 2, 74.2),
	(100, 3, 74.2),
	(185, 1, 74.2),
	(13, 2, 74.3),
	(35, 3, 74.3),
	(108, 3, 74.3),
	(116, 1, 74.3),
	(81, 1, 74.4),
	(83, 1, 74.4),
	(166, 3, 74.4),
	(17, 1, 74.5),
	(127, 3, 74.5),
	(165, 3, 74.5),
	(15, 1, 74.6),
	(24, 3, 74.6),
	(130, 3, 74.6),
	(87, 3, 74.7),
	(135, 3, 74.7),
	(147, 2, 74.7),
	(21, 3, 74.8),
	(6, 1, 74.9),
	(25, 1, 74.9),
	(65, 2, 74.9),
	(104, 1, 74.9),
	(154, 2, 74.9),
	(181, 2, 74.9),
	(105, 1, 75),
	(136, 2, 75),
	(139, 1, 75),
	(40, 3, 75.1),
	(71, 1, 75.1),
	(90, 1, 75.2),
	(109, 3, 75.2),
	(124, 3, 75.2),
	(10, 2, 75.3),
	(137, 2, 75.3),
	(177, 1, 75.3),
	(184, 1, 75.3),
	(76, 3, 75.4),
	(87, 1, 75.4),
	(129, 2, 75.4),
	(183, 1, 75.4),
	(2, 3, 75.5),
	(88, 2, 75.5),
	(123, 2, 75.6),
	(4, 3, 75.7),
	(23, 1, 75.7),
	(24, 1, 75.7),
	(95, 1, 75.7),
	(119, 1, 75.7),
	(94, 2, 75.8),
	(141, 1, 75.8),
	(11, 2, 75.9),
	(121, 3, 75.9),
	(132, 1, 75.9),
	(28, 2, 76),
	(81, 2, 76),
	(100, 1, 76.1),
	(106, 2, 76.1),
	(135, 1, 76.1),
	(164, 2, 76.1),
	(176, 2, 76.1),
	(83, 2, 76.2),
	(12, 3, 76.3),
	(126, 2, 76.3),
	(172, 3, 76.3),
	(5, 1, 76.5),
	(76, 1, 76.5),
	(87, 2, 76.5),
	(109, 1, 76.5),
	(128, 1, 76.5),
	(165, 1, 76.5),
	(43, 3, 76.6),
	(139, 2, 76.6),
	(2, 1, 76.7),
	(41, 3, 76.7),
	(72, 1, 76.7),
	(127, 1, 76.7),
	(169, 2, 76.7),
	(48, 1, 76.8),
	(108, 1, 76.8),
	(152, 1, 76.8),
	(4, 1, 76.9),
	(66, 2, 76.9),
	(160, 1, 76.9),
	(24, 2, 77),
	(35, 1, 77.1),
	(91, 3, 77.1),
	(170, 3, 77.1),
	(12, 1, 77.2),
	(47, 2, 77.2),
	(21, 1, 77.3),
	(84, 2, 77.3),
	(142, 2, 77.3),
	(71, 2, 77.4),
	(135, 2, 77.4),
	(145, 1, 77.4),
	(166, 1, 77.4),
	(39, 3, 77.5),
	(185, 2, 77.5),
	(34, 3, 77.6),
	(50, 2, 77.6),
	(121, 1, 77.6),
	(133, 2, 77.6),
	(14, 3, 77.7),
	(17, 2, 77.7),
	(76, 2, 77.7),
	(109, 2, 77.7),
	(119, 2, 77.7),
	(45, 3, 77.8),
	(105, 2, 77.8),
	(116, 2, 77.8),
	(157, 2, 77.8),
	(170, 1, 77.8),
	(173, 1, 77.8),
	(184, 2, 77.8),
	(2, 2, 77.9),
	(4, 2, 78),
	(61, 2, 78),
	(12, 2, 78.3),
	(40, 1, 78.3),
	(100, 2, 78.3),
	(124, 1, 78.3),
	(6, 2, 78.4),
	(104, 2, 78.4),
	(146, 3, 78.4),
	(25, 2, 78.5),
	(130, 1, 78.5),
	(141, 2, 78.5),
	(165, 2, 78.5),
	(41, 1, 78.6),
	(183, 2, 78.6),
	(42, 3, 78.7),
	(62, 3, 78.8),
	(131, 3, 78.8),
	(57, 3, 78.9),
	(91, 1, 78.9),
	(172, 1, 78.9),
	(9, 3, 79),
	(7, 3, 79.1),
	(14, 1, 79.1),
	(16, 3, 79.1),
	(127, 2, 79.1),
	(43, 1, 79.2),
	(108, 2, 79.2),
	(170, 2, 79.2),
	(128, 2, 79.3),
	(15, 2, 79.4),
	(23, 2, 79.4),
	(132, 2, 79.4),
	(177, 2, 79.4),
	(171, 3, 79.5),
	(48, 2, 79.6),
	(58, 3, 79.6),
	(64, 3, 79.6),
	(21, 2, 79.7),
	(149, 3, 79.7),
	(5, 2, 79.9),
	(35, 2, 79.9),
	(90, 2, 79.9),
	(34, 1, 80),
	(96, 3, 80),
	(39, 1, 80.1),
	(72, 2, 80.1),
	(121, 2, 80.1),
	(152, 2, 80.1),
	(31, 3, 80.3),
	(120, 3, 80.3),
	(166, 2, 80.3),
	(14, 2, 80.4),
	(78, 3, 80.4),
	(114, 3, 80.4),
	(115, 3, 80.4),
	(102, 3, 80.5),
	(41, 2, 80.6),
	(151, 3, 80.7),
	(160, 2, 80.7),
	(42, 1, 80.8),
	(45, 1, 80.8),
	(91, 2, 80.8),
	(145, 2, 80.8),
	(155, 3, 80.9),
	(79, 3, 81.1),
	(80, 3, 81.1),
	(82, 3, 81.1),
	(62, 1, 81.2),
	(95, 2, 81.2),
	(146, 1, 81.2),
	(171, 1, 81.2),
	(8, 3, 81.3),
	(73, 3, 81.3),
	(9, 1, 81.4),
	(172, 2, 81.4),
	(173, 2, 81.4),
	(7, 1, 81.5),
	(16, 1, 81.5),
	(40, 2, 81.5),
	(144, 3, 81.5),
	(124, 2, 81.6),
	(57, 1, 81.7),
	(156, 3, 81.7),
	(43, 2, 81.8),
	(97, 3, 81.8),
	(131, 1, 81.9),
	(64, 1, 82.1),
	(78, 1, 82.1),
	(96, 1, 82.1),
	(114, 1, 82.1),
	(115, 1, 82.1),
	(31, 1, 82.3),
	(120, 1, 82.3),
	(34, 2, 82.4),
	(102, 1, 82.4),
	(130, 2, 82.4),
	(58, 1, 82.5),
	(39, 2, 82.7),
	(155, 1, 82.7),
	(45, 2, 82.8),
	(79, 1, 82.8),
	(149, 1, 82.8),
	(42, 2, 82.9),
	(73, 1, 82.9),
	(171, 2, 83),
	(8, 1, 83.3),
	(80, 1, 83.4),
	(151, 1, 83.4),
	(62, 2, 83.6),
	(156, 1, 83.6),
	(78, 2, 83.7),
	(7, 2, 83.8),
	(9, 2, 83.8),
	(16, 2, 83.8),
	(114, 2, 83.8),
	(144, 1, 83.8),
	(115, 2, 83.9),
	(146, 2, 83.9),
	(102, 2, 84.1),
	(96, 2, 84.2),
	(31, 2, 84.3),
	(120, 2, 84.3),
	(73, 2, 84.4),
	(79, 2, 84.4),
	(155, 2, 84.4),
	(64, 2, 84.5),
	(82, 1, 84.5),
	(57, 2, 84.6),
	(97, 1, 84.7),
	(131, 2, 84.7),
	(8, 2, 85.3),
	(58, 2, 85.4),
	(80, 2, 85.4),
	(156, 2, 85.5),
	(144, 2, 85.8),
	(149, 2, 85.8),
	(151, 2, 86.1),
	(82, 2, 87.5),
	(97, 2, 87.6);
/*!40000 ALTER TABLE `life_exp` ENABLE KEYS */;

-- Dumping data for table lifetime.log: ~143 rows (приблизно)
/*!40000 ALTER TABLE `log` DISABLE KEYS */;
INSERT INTO `log` (`id`, `ip`, `url`, `method`, `date`) VALUES
	(1, '66.151.211.170', 'robots.txt', 'HEAD', '2020-03-13 11:31:15'),
	(2, '193.202.44.194', 'robots.txt', 'HEAD', '2020-03-13 15:33:58'),
	(3, '162.243.132.152', 'portal/redlion', 'GET', '2020-03-13 17:52:02'),
	(4, '193.202.44.194', 'robots.txt', 'HEAD', '2020-03-13 22:11:30'),
	(5, '5.101.0.209', 'index.php', 'GET', '2020-03-13 22:20:09'),
	(6, '80.82.77.33', 'robots.txt', 'GET', '2020-03-14 00:40:53'),
	(7, '80.82.77.33', 'sitemap.xml', 'GET', '2020-03-14 00:40:53'),
	(8, '80.82.77.33', '.well-known/security.txt', 'GET', '2020-03-14 00:40:53'),
	(9, '80.82.77.33', 'favicon.ico', 'GET', '2020-03-14 00:40:53'),
	(10, '45.143.220.243', 'libs/js/iframe.js', 'GET', '2020-03-14 04:43:01'),
	(11, '162.243.132.168', 'hudson', 'GET', '2020-03-14 06:29:10'),
	(12, '118.163.190.19', 'phpmyadmin/index.php', 'GET', '2020-03-14 09:05:38'),
	(13, '118.163.190.19', 'phpMyadmin/index.php', 'GET', '2020-03-14 09:05:39'),
	(14, '118.163.190.19', 'phpMyAdmin/index.php', 'GET', '2020-03-14 09:05:40'),
	(15, '118.163.190.19', 'phpmyAdmin/index.php', 'GET', '2020-03-14 09:05:40'),
	(16, '118.163.190.19', 'mysql/index.php', 'GET', '2020-03-14 09:05:41'),
	(17, '118.163.190.19', 'database/index.php', 'GET', '2020-03-14 09:05:42'),
	(18, '118.163.190.19', 'phpmyadmin1/index.php', 'GET', '2020-03-14 09:05:42'),
	(19, '118.163.190.19', 'phpmyadmin2/index.php', 'GET', '2020-03-14 09:05:43'),
	(20, '118.163.190.19', 'phpmyadmin3/index.php', 'GET', '2020-03-14 09:05:44'),
	(21, '118.163.190.19', 'phpmyadmin4/index.php', 'GET', '2020-03-14 09:05:44'),
	(22, '118.163.190.19', 'mysql/admin/index.php', 'GET', '2020-03-14 09:05:45'),
	(23, '118.163.190.19', 'mysql/dbadmin/index.php', 'GET', '2020-03-14 09:05:46'),
	(24, '118.163.190.19', 'mysql/sqlmanager/index.php', 'GET', '2020-03-14 09:05:46'),
	(25, '118.163.190.19', 'mysql/mysqlmanager/index.php', 'GET', '2020-03-14 09:05:47'),
	(26, '118.163.190.19', '2phpmyadmin/index.php', 'GET', '2020-03-14 09:05:48'),
	(27, '118.163.190.19', 'wp-content/plugins/portable-phpmyadmin/wp-pma-mod/index.php', 'GET', '2020-03-14 09:05:48'),
	(28, '118.163.190.19', 'phpmy/index.php', 'GET', '2020-03-14 09:05:49'),
	(29, '118.163.190.19', 'phppma/index.php', 'GET', '2020-03-14 09:05:49'),
	(30, '118.163.190.19', 'myadmin/index.php', 'GET', '2020-03-14 09:05:50'),
	(31, '118.163.190.19', 'shopdb/index.php', 'GET', '2020-03-14 09:05:51'),
	(32, '118.163.190.19', 'MyAdmin/index.php', 'GET', '2020-03-14 09:05:51'),
	(33, '118.163.190.19', 'program/index.php', 'GET', '2020-03-14 09:05:52'),
	(34, '118.163.190.19', 'PMA/index.php', 'GET', '2020-03-14 09:05:53'),
	(35, '118.163.190.19', 'dbadmin/index.php', 'GET', '2020-03-14 09:05:53'),
	(36, '118.163.190.19', 'pma/index.php', 'GET', '2020-03-14 09:05:54'),
	(37, '118.163.190.19', 'db/index.php', 'GET', '2020-03-14 09:05:55'),
	(38, '118.163.190.19', 'admin/index.php', 'GET', '2020-03-14 09:05:55'),
	(39, '118.163.190.19', 'db/phpmyadmin/index.php', 'GET', '2020-03-14 09:05:56'),
	(40, '118.163.190.19', 'db/phpMyAdmin/index.php', 'GET', '2020-03-14 09:05:57'),
	(41, '118.163.190.19', 'sqlmanager/index.php', 'GET', '2020-03-14 09:05:57'),
	(42, '118.163.190.19', 'mysqlmanager/index.php', 'GET', '2020-03-14 09:05:58'),
	(43, '118.163.190.19', 'php-myadmin/index.php', 'GET', '2020-03-14 09:05:58'),
	(44, '118.163.190.19', 'phpmy-admin/index.php', 'GET', '2020-03-14 09:05:59'),
	(45, '118.163.190.19', 'mysqladmin/index.php', 'GET', '2020-03-14 09:06:00'),
	(46, '118.163.190.19', 'mysql-admin/index.php', 'GET', '2020-03-14 09:06:00'),
	(47, '118.163.190.19', 'admin/phpmyadmin/index.php', 'GET', '2020-03-14 09:06:01'),
	(48, '118.163.190.19', 'admin/phpMyAdmin/index.php', 'GET', '2020-03-14 09:06:02'),
	(49, '118.163.190.19', 'admin/sysadmin/index.php', 'GET', '2020-03-14 09:06:02'),
	(50, '118.163.190.19', 'admin/sqladmin/index.php', 'GET', '2020-03-14 09:06:03'),
	(51, '118.163.190.19', 'admin/db/index.php', 'GET', '2020-03-14 09:06:04'),
	(52, '118.163.190.19', 'admin/web/index.php', 'GET', '2020-03-14 09:06:04'),
	(53, '118.163.190.19', 'admin/pMA/index.php', 'GET', '2020-03-14 09:06:05'),
	(54, '118.163.190.19', 'mysql/pma/index.php', 'GET', '2020-03-14 09:06:05'),
	(55, '118.163.190.19', 'mysql/db/index.php', 'GET', '2020-03-14 09:06:06'),
	(56, '118.163.190.19', 'mysql/web/index.php', 'GET', '2020-03-14 09:06:07'),
	(57, '118.163.190.19', 'mysql/pMA/index.php', 'GET', '2020-03-14 09:06:07'),
	(58, '118.163.190.19', 'sql/phpmanager/index.php', 'GET', '2020-03-14 09:06:08'),
	(59, '118.163.190.19', 'sql/php-myadmin/index.php', 'GET', '2020-03-14 09:06:09'),
	(60, '118.163.190.19', 'sql/phpmy-admin/index.php', 'GET', '2020-03-14 09:06:09'),
	(61, '118.163.190.19', 'sql/sql/index.php', 'GET', '2020-03-14 09:06:10'),
	(62, '118.163.190.19', 'sql/myadmin/index.php', 'GET', '2020-03-14 09:06:11'),
	(63, '118.163.190.19', 'sql/webadmin/index.php', 'GET', '2020-03-14 09:06:11'),
	(64, '118.163.190.19', 'sql/sqlweb/index.php', 'GET', '2020-03-14 09:06:12'),
	(65, '118.163.190.19', 'sql/websql/index.php', 'GET', '2020-03-14 09:06:12'),
	(66, '118.163.190.19', 'sql/webdb/index.php', 'GET', '2020-03-14 09:06:13'),
	(67, '118.163.190.19', 'sql/sqladmin/index.php', 'GET', '2020-03-14 09:06:14'),
	(68, '118.163.190.19', 'sql/sql-admin/index.php', 'GET', '2020-03-14 09:06:14'),
	(69, '118.163.190.19', 'sql/phpmyadmin2/index.php', 'GET', '2020-03-14 09:06:15'),
	(70, '118.163.190.19', 'sql/phpMyAdmin2/index.php', 'GET', '2020-03-14 09:06:16'),
	(71, '118.163.190.19', 'sql/phpMyAdmin/index.php', 'GET', '2020-03-14 09:06:16'),
	(72, '118.163.190.19', 'db/myadmin/index.php', 'GET', '2020-03-14 09:06:17'),
	(73, '118.163.190.19', 'db/webadmin/index.php', 'GET', '2020-03-14 09:06:18'),
	(74, '118.163.190.19', 'db/dbweb/index.php', 'GET', '2020-03-14 09:06:18'),
	(75, '118.163.190.19', 'db/websql/index.php', 'GET', '2020-03-14 09:06:19'),
	(76, '118.163.190.19', 'db/webdb/index.php', 'GET', '2020-03-14 09:06:19'),
	(77, '118.163.190.19', 'db/dbadmin/index.php', 'GET', '2020-03-14 09:06:20'),
	(78, '118.163.190.19', 'db/db-admin/index.php', 'GET', '2020-03-14 09:06:21'),
	(79, '118.163.190.19', 'db/phpmyadmin3/index.php', 'GET', '2020-03-14 09:06:21'),
	(80, '118.163.190.19', 'db/phpMyAdmin3/index.php', 'GET', '2020-03-14 09:06:22'),
	(81, '118.163.190.19', 'db/phpMyAdmin-3/index.php', 'GET', '2020-03-14 09:06:23'),
	(82, '118.163.190.19', 'administrator/phpmyadmin/index.php', 'GET', '2020-03-14 09:06:23'),
	(83, '118.163.190.19', 'administrator/phpMyAdmin/index.php', 'GET', '2020-03-14 09:06:24'),
	(84, '118.163.190.19', 'administrator/db/index.php', 'GET', '2020-03-14 09:06:25'),
	(85, '118.163.190.19', 'administrator/web/index.php', 'GET', '2020-03-14 09:06:25'),
	(86, '118.163.190.19', 'administrator/pma/index.php', 'GET', '2020-03-14 09:06:26'),
	(87, '118.163.190.19', 'administrator/PMA/index.php', 'GET', '2020-03-14 09:06:26'),
	(88, '118.163.190.19', 'administrator/admin/index.php', 'GET', '2020-03-14 09:06:27'),
	(89, '118.163.190.19', 'phpMyAdmin2/index.php', 'GET', '2020-03-14 09:06:28'),
	(90, '118.163.190.19', 'phpMyAdmin3/index.php', 'GET', '2020-03-14 09:06:28'),
	(91, '118.163.190.19', 'phpMyAdmin4/index.php', 'GET', '2020-03-14 09:06:29'),
	(92, '118.163.190.19', 'phpMyAdmin-3/index.php', 'GET', '2020-03-14 09:06:30'),
	(93, '118.163.190.19', 'php-my-admin/index.php', 'GET', '2020-03-14 09:06:30'),
	(94, '118.163.190.19', 'PMA2011/index.php', 'GET', '2020-03-14 09:06:31'),
	(95, '118.163.190.19', 'PMA2012/index.php', 'GET', '2020-03-14 09:06:32'),
	(96, '118.163.190.19', 'PMA2013/index.php', 'GET', '2020-03-14 09:06:32'),
	(97, '118.163.190.19', 'PMA2014/index.php', 'GET', '2020-03-14 09:06:33'),
	(98, '118.163.190.19', 'PMA2015/index.php', 'GET', '2020-03-14 09:06:34'),
	(99, '118.163.190.19', 'PMA2016/index.php', 'GET', '2020-03-14 09:06:34'),
	(100, '118.163.190.19', 'PMA2017/index.php', 'GET', '2020-03-14 09:06:35'),
	(101, '118.163.190.19', 'PMA2018/index.php', 'GET', '2020-03-14 09:06:35'),
	(102, '118.163.190.19', 'PMA2019/index.php', 'GET', '2020-03-14 09:06:36'),
	(103, '118.163.190.19', 'PMA2020/index.php', 'GET', '2020-03-14 09:06:37'),
	(104, '118.163.190.19', 'pma2011/index.php', 'GET', '2020-03-14 09:06:37'),
	(105, '118.163.190.19', 'pma2012/index.php', 'GET', '2020-03-14 09:06:38'),
	(106, '118.163.190.19', 'pma2013/index.php', 'GET', '2020-03-14 09:06:39'),
	(107, '118.163.190.19', 'pma2014/index.php', 'GET', '2020-03-14 09:06:39'),
	(108, '118.163.190.19', 'pma2015/index.php', 'GET', '2020-03-14 09:06:40'),
	(109, '118.163.190.19', 'pma2016/index.php', 'GET', '2020-03-14 09:06:41'),
	(110, '118.163.190.19', 'pma2017/index.php', 'GET', '2020-03-14 09:06:41'),
	(111, '118.163.190.19', 'pma2018/index.php', 'GET', '2020-03-14 09:06:42'),
	(112, '118.163.190.19', 'pma2019/index.php', 'GET', '2020-03-14 09:06:42'),
	(113, '118.163.190.19', 'pma2020/index.php', 'GET', '2020-03-14 09:06:43'),
	(114, '118.163.190.19', 'phpmyadmin2011/index.php', 'GET', '2020-03-14 09:06:44'),
	(115, '118.163.190.19', 'phpmyadmin2012/index.php', 'GET', '2020-03-14 09:06:44'),
	(116, '118.163.190.19', 'phpmyadmin2013/index.php', 'GET', '2020-03-14 09:06:45'),
	(117, '118.163.190.19', 'phpmyadmin2014/index.php', 'GET', '2020-03-14 09:06:46'),
	(118, '118.163.190.19', 'phpmyadmin2015/index.php', 'GET', '2020-03-14 09:06:46'),
	(119, '118.163.190.19', 'phpmyadmin2016/index.php', 'GET', '2020-03-14 09:06:47'),
	(120, '118.163.190.19', 'phpmyadmin2017/index.php', 'GET', '2020-03-14 09:06:47'),
	(121, '118.163.190.19', 'phpmyadmin2018/index.php', 'GET', '2020-03-14 09:06:48'),
	(122, '118.163.190.19', 'phpmyadmin2019/index.php', 'GET', '2020-03-14 09:06:49'),
	(123, '118.163.190.19', 'phpmyadmin2020/index.php', 'GET', '2020-03-14 09:06:49'),
	(124, '118.163.190.19', 'index.php', 'GET', '2020-03-14 09:06:50'),
	(125, '66.151.211.170', 'robots.txt', 'HEAD', '2020-03-14 10:14:46'),
	(126, '211.224.128.181', 'TP/public/index.php', 'GET', '2020-03-14 14:00:36'),
	(127, '211.224.128.181', 'TP/index.php', 'GET', '2020-03-14 14:00:37'),
	(128, '211.224.128.181', 'thinkphp/html/public/index.php', 'GET', '2020-03-14 14:00:37'),
	(129, '211.224.128.181', 'html/public/index.php', 'GET', '2020-03-14 14:00:38'),
	(130, '211.224.128.181', 'public/index.php', 'GET', '2020-03-14 14:00:39'),
	(131, '211.224.128.181', 'TP/html/public/index.php', 'GET', '2020-03-14 14:00:39'),
	(132, '211.224.128.181', 'elrekt.php', 'GET', '2020-03-14 14:00:40'),
	(133, '211.224.128.181', 'index.php', 'GET', '2020-03-14 14:00:41'),
	(134, '128.14.134.134', 'solr/', 'GET', '2020-03-14 14:28:10'),
	(135, '193.202.44.194', 'robots.txt', 'HEAD', '2020-03-14 16:55:45'),
	(136, '162.243.128.84', 'portal/redlion', 'GET', '2020-03-14 19:39:25'),
	(137, '193.202.44.194', 'robots.txt', 'HEAD', '2020-03-14 20:23:17'),
	(138, '193.202.44.194', 'robots.txt', 'HEAD', '2020-03-14 23:13:01'),
	(139, '5.101.0.209', 'solr/admin/info/system', 'GET', '2020-03-15 00:56:01'),
	(140, '5.101.0.209', 'index.php', 'GET', '2020-03-15 01:08:19'),
	(141, '162.243.130.146', 'hudson', 'GET', '2020-03-15 14:03:32'),
	(142, '193.202.44.194', 'robots.txt', 'HEAD', '2020-03-15 15:04:06'),
	(143, '193.202.44.194', 'robots.txt', 'HEAD', '2020-03-15 17:33:04');
/*!40000 ALTER TABLE `log` ENABLE KEYS */;

-- Dumping data for table lifetime.translations: ~2 rows (приблизно)
/*!40000 ALTER TABLE `translations` DISABLE KEYS */;
INSERT INTO `translations` (`code`, `lang`, `translate`) VALUES
	('country', 'eng', 'country'),
	('country', 'rus', 'страна'),
	('country', 'ukr', 'країна');
/*!40000 ALTER TABLE `translations` ENABLE KEYS */;

/*!40101 SET SQL_MODE=IFNULL(@OLD_SQL_MODE, '') */;
/*!40014 SET FOREIGN_KEY_CHECKS=IF(@OLD_FOREIGN_KEY_CHECKS IS NULL, 1, @OLD_FOREIGN_KEY_CHECKS) */;
/*!40101 SET CHARACTER_SET_CLIENT=@OLD_CHARACTER_SET_CLIENT */;
